,States,Daily cases,Cumulative,date
15,Perlis,0,44,2020-12-08
6,Perak,29,2135,2020-12-08
0,Sabah,271,31057,2020-12-08
1,Selangor,417,17255,2020-12-08
2,W.P. Kuala Lumpur,98,7311,2020-12-08
4,Kedah,10,2741,2020-12-08
5,Pulau Pinang,18,2416,2020-12-08
10,Pahang,33,463,2020-12-08
3,Negeri Sembilan,23,6022,2020-12-08
8,W.P. Labuan,0,1404,2020-12-08
9,Sarawak,2,1072,2020-12-08
11,Kelantan,2,443,2020-12-08
12,Melaka,0,399,2020-12-08
13,Terengganu,0,239,2020-12-08
7,Johor,108,2093,2020-12-08
14,W.P. Putrajaya,1,212,2020-12-08
6,Johor,100,2193,2020-12-09
7,Perak,33,2168,2020-12-09
0,Sabah,203,31260,2020-12-09
1,Selangor,277,17532,2020-12-09
2,W.P. Kuala Lumpur,129,7440,2020-12-09
4,Kedah,16,2757,2020-12-09
5,Pulau Pinang,29,2445,2020-12-09
3,Negeri Sembilan,33,6055,2020-12-09
13,Terengganu,0,239,2020-12-09
10,Pahang,119,582,2020-12-09
11,Kelantan,17,460,2020-12-09
12,Melaka,2,401,2020-12-09
14,W.P. Putrajaya,0,212,2020-12-09
15,Perlis,0,44,2020-12-09
9,Sarawak,0,1072,2020-12-09
8,W.P. Labuan,1,1405,2020-12-09
5,Pulau Pinang,34,2714,2020-12-15
0,Sabah,260,33371,2020-12-15
1,Selangor,503,22082,2020-12-15
2,W.P. Kuala Lumpur,696,8897,2020-12-15
3,Negeri Sembilan,67,6591,2020-12-15
4,Kedah,20,2847,2020-12-15
6,Johor,48,2663,2020-12-15
15,Perlis,0,45,2020-12-15
8,W.P. Labuan,11,1457,2020-12-15
10,Pahang,8,838,2020-12-15
12,Melaka,5,439,2020-12-15
11,Kelantan,3,471,2020-12-15
13,Terengganu,7,278,2020-12-15
14,W.P. Putrajaya,0,216,2020-12-15
7,Perak,110,2634,2020-12-15
9,Sarawak,0,1075,2020-12-15
5,Pulau Pinang,69,2783,2020-12-16
0,Sabah,268,33639,2020-12-16
1,Selangor,481,22563,2020-12-16
2,W.P. Kuala Lumpur,232,9129,2020-12-16
3,Negeri Sembilan,60,6651,2020-12-16
4,Kedah,9,2856,2020-12-16
6,Johor,105,2768,2020-12-16
7,Perak,35,2669,2020-12-16
8,W.P. Labuan,3,1460,2020-12-16
9,Sarawak,0,1075,2020-12-16
10,Pahang,13,851,2020-12-16
11,Kelantan,1,472,2020-12-16
12,Melaka,14,453,2020-12-16
13,Terengganu,1,279,2020-12-16
14,W.P. Putrajaya,4,220,2020-12-16
15,Perlis,0,45,2020-12-16
6,Johor,67,2835,2020-12-17
0,Sabah,184,33823,2020-12-17
1,Selangor,368,22931,2020-12-17
2,W.P. Kuala Lumpur,297,9426,2020-12-17
3,Negeri Sembilan,33,6684,2020-12-17
4,Kedah,9,2865,2020-12-17
5,Pulau Pinang,80,2863,2020-12-17
7,Perak,41,2710,2020-12-17
8,W.P. Labuan,16,1476,2020-12-17
10,Pahang,4,855,2020-12-17
11,Melaka,98,551,2020-12-17
12,Kelantan,10,482,2020-12-17
13,Terengganu,2,281,2020-12-17
14,W.P. Putrajaya,2,222,2020-12-17
15,Perlis,0,45,2020-12-17
9,Sarawak,9,1084,2020-12-17
0,Sabah,260,34083,2020-12-18
3,Negeri Sembilan,174,6858,2020-12-18
5,Pulau Pinang,37,2900,2020-12-18
4,Johor,77,2912,2020-12-18
15,Perlis,0,45,2020-12-18
1,Selangor,692,23623,2020-12-18
6,Kedah,4,2869,2020-12-18
2,W.P. Kuala Lumpur,197,9623,2020-12-18
8,W.P. Labuan,19,1495,2020-12-18
9,Sarawak,1,1085,2020-12-18
7,Perak,65,2775,2020-12-18
14,W.P. Putrajaya,6,228,2020-12-18
11,Melaka,140,691,2020-12-18
12,Kelantan,1,483,2020-12-18
10,Pahang,6,861,2020-12-18
13,Terengganu,4,285,2020-12-18
7,Perak,82,2857,2020-12-19
5,Pulau Pinang,30,2930,2020-12-19
0,Sabah,199,34282,2020-12-19
1,Selangor,401,24024,2020-12-19
2,W.P. Kuala Lumpur,281,9904,2020-12-19
4,Johor,75,2987,2020-12-19
6,Kedah,13,2882,2020-12-19
3,Negeri Sembilan,18,6876,2020-12-19
8,W.P. Labuan,19,1514,2020-12-19
9,Sarawak,2,1087,2020-12-19
11,Melaka,3,694,2020-12-19
12,Kelantan,10,493,2020-12-19
13,Terengganu,0,285,2020-12-19
14,W.P. Putrajaya,4,232,2020-12-19
15,Perlis,0,45,2020-12-19
10,Pahang,16,877,2020-12-19
6,Kedah,6,2888,2020-12-20
7,Perak,10,2867,2020-12-20
0,Sabah,196,34478,2020-12-20
1,Selangor,441,24465,2020-12-20
3,Negeri Sembilan,169,7045,2020-12-20
4,Johor,156,3143,2020-12-20
5,Pulau Pinang,30,2960,2020-12-20
2,Wp Kuala Lumpur,284,10188,2020-12-20
14,Wp Putrajaya,2,234,2020-12-20
10,Pahang,12,889,2020-12-20
11,Melaka,1,695,2020-12-20
12,Kelantan,1,494,2020-12-20
13,Terengganu,2,287,2020-12-20
15,Perlis,0,45,2020-12-20
9,Sarawak,3,1090,2020-12-20
8,Wp Labuan,27,1541,2020-12-20
15,Perlis,0,45,2020-12-21
0,Sabah,247,34725,2020-12-21
1,Selangor,1204,25669,2020-12-21
2,Wp Kuala Lumpur,127,10315,2020-12-21
3,Negeri Sembilan,58,7103,2020-12-21
4,Johor,278,3421,2020-12-21
5,Pulau Pinang,18,2978,2020-12-21
6,Kedah,3,2891,2020-12-21
7,Perak,21,2888,2020-12-21
10,Pahang,12,901,2020-12-21
11,Melaka,9,704,2020-12-21
12,Kelantan,6,500,2020-12-21
13,Terengganu,1,288,2020-12-21
14,Wp Putrajaya,5,239,2020-12-21
8,Wp Labuan,29,1570,2020-12-21
9,Sarawak,0,1090,2020-12-21
5,Pulau Pinang,43,3044,2020-12-23
0,Sabah,189,35166,2020-12-23
1,Selangor,535,27218,2020-12-23
2,Wp Kuala Lumpur,226,11045,2020-12-23
3,Negeri Sembilan,31,7191,2020-12-23
4,Johor,118,3706,2020-12-23
6,Perak,8,2913,2020-12-23
7,Kedah,14,2910,2020-12-23
8,Wp Labuan,2,1574,2020-12-23
9,Sarawak,4,1094,2020-12-23
10,Pahang,45,952,2020-12-23
11,Melaka,124,837,2020-12-23
12,Kelantan,4,508,2020-12-23
13,Terengganu,1,289,2020-12-23
14,Wp Putrajaya,4,245,2020-12-23
15,Perlis,0,45,2020-12-23
6,Perak,26,2939,2020-12-24
0,Sabah,249,35415,2020-12-24
1,Selangor,491,27709,2020-12-24
2,Wp Kuala Lumpur,379,11424,2020-12-24
3,Negeri Sembilan,144,7335,2020-12-24
4,Johor,115,3821,2020-12-24
5,Pulau Pinang,37,3081,2020-12-24
7,Kedah,4,2914,2020-12-24
8,Wp Labuan,26,1600,2020-12-24
10,Pahang,12,964,2020-12-24
11,Melaka,76,913,2020-12-24
12,Kelantan,9,517,2020-12-24
13,Terengganu,7,296,2020-12-24
14,Wp Putrajaya,4,249,2020-12-24
15,Perlis,0,45,2020-12-24
9,Sarawak,2,1096,2020-12-24
0,Sabah,225,35640,2020-12-25
3,Negeri Sembilan,89,7424,2020-12-25
5,Pulau Pinang,25,3106,2020-12-25
4,Johor,205,4026,2020-12-25
15,Perlis,0,45,2020-12-25
1,Selangor,461,28170,2020-12-25
6,Perak,55,2994,2020-12-25
2,Wp Kuala Lumpur,140,11564,2020-12-25
8,Wp Labuan,8,1608,2020-12-25
9,Sarawak,3,1099,2020-12-25
7,Kedah,0,2914,2020-12-25
14,Wp Putrajaya,7,256,2020-12-25
11,Melaka,14,927,2020-12-25
12,Kelantan,4,521,2020-12-25
10,Pahang,11,975,2020-12-25
13,Terengganu,0,296,2020-12-25
7,Kedah,16,2930,2020-12-26
5,Pulau Pinang,58,3164,2020-12-26
0,Sabah,248,35888,2020-12-26
1,Selangor,710,28880,2020-12-26
2,Wp Kuala Lumpur,728,12292,2020-12-26
4,Johor,412,4438,2020-12-26
6,Perak,26,3020,2020-12-26
3,Negeri Sembilan,33,7457,2020-12-26
8,Wp Labuan,16,1624,2020-12-26
9,Sarawak,6,1105,2020-12-26
11,Melaka,5,932,2020-12-26
12,Kelantan,54,575,2020-12-26
13,Terengganu,0,296,2020-12-26
14,Wp Putrajaya,3,259,2020-12-26
15,Perlis,1,46,2020-12-26
10,Pahang,19,994,2020-12-26
6,Perak,17,3114,2020-12-29
7,Kedah,8,2977,2020-12-29
0,Sabah,230,36461,2020-12-29
1,Selangor,747,30716,2020-12-29
3,Negeri Sembilan,60,7716,2020-12-29
4,Johor,110,4933,2020-12-29
5,Pulau Pinang,57,3327,2020-12-29
2,Wp Kuala Lumpur,360,13048,2020-12-29
14,Wp Putrajaya,2,276,2020-12-29
10,Sarawak,4,1114,2020-12-29
11,Melaka,9,978,2020-12-29
12,Kelantan,31,665,2020-12-29
13,Terengganu,2,306,2020-12-29
15,Perlis,0,46,2020-12-29
9,Pahang,288,1302,2020-12-29
8,Wp Labuan,0,1636,2020-12-29
4,Johor,607,5540,2020-12-30
3,Negeri Sembilan,34,7750,2020-12-30
5,Pulau Pinang,69,3396,2020-12-30
1,Selangor,472,31188,2020-12-30
0,Sabah,280,36741,2020-12-30
6,Perak,48,3162,2020-12-30
2,Wp Kuala Lumpur,219,13267,2020-12-30
15,Perlis,0,46,2020-12-30
8,Wp Labuan,2,1638,2020-12-30
13,Terengganu,2,308,2020-12-30
9,Pahang,48,1350,2020-12-30
7,Kedah,23,3000,2020-12-30
14,Wp Putrajaya,1,277,2020-12-30
10,Sarawak,1,1115,2020-12-30
12,Kelantan,56,721,2020-12-30
11,Melaka,8,986,2020-12-30
7,Kedah,24,3024,2020-12-31
5,Pulau Pinang,92,3488,2020-12-31
0,Sabah,299,37040,2020-12-31
1,Selangor,1205,32393,2020-12-31
2,Wp Kuala Lumpur,222,13489,2020-12-31
3,Negeri Sembilan,78,7828,2020-12-31
4,Johor,194,5734,2020-12-31
6,Perak,33,3195,2020-12-31
9,Pahang,15,1365,2020-12-31
10,Melaka,239,1225,2020-12-31
11,Sarawak,2,1117,2020-12-31
12,Kelantan,37,758,2020-12-31
13,Terengganu,17,325,2020-12-31
14,Wp Putrajaya,5,282,2020-12-31
15,Perlis,0,46,2020-12-31
8,Wp Labuan,63,1701,2020-12-31
6,Perak,51,3246,2021-01-01
7,Kedah,20,3044,2021-01-01
1,Selangor,776,33169,2021-01-01
2,Wp Kuala Lumpur,457,13946,2021-01-01
3,Negeri Sembilan,51,7879,2021-01-01
4,Johor,112,5846,2021-01-01
5,Pulau Pinang,226,3714,2021-01-01
0,Sabah,254,37294,2021-01-01
9,Pahang,16,1381,2021-01-01
10,Melaka,23,1248,2021-01-01
11,Sarawak,8,1125,2021-01-01
12,Kelantan,53,811,2021-01-01
13,Terengganu,14,339,2021-01-01
14,Wp Putrajaya,4,286,2021-01-01
15,Perlis,0,46,2021-01-01
8,Wp Labuan,3,1704,2021-01-01
15,Perlis,0,46,2021-01-02
4,Johor,580,6426,2021-01-02
3,Negeri Sembilan,131,8010,2021-01-02
6,Perak,12,3258,2021-01-02
1,Selangor,638,33807,2021-01-02
0,Sabah,259,37553,2021-01-02
5,Pulau Pinang,288,4002,2021-01-02
2,Wp Kuala Lumpur,156,14102,2021-01-02
7,Kedah,47,3091,2021-01-02
10,Melaka,95,1343,2021-01-02
8,Wp Labuan,1,1705,2021-01-02
14,Wp Putrajaya,12,298,2021-01-02
9,Pahang,29,1410,2021-01-02
12,Kelantan,26,837,2021-01-02
11,Sarawak,5,1130,2021-01-02
13,Terengganu,16,355,2021-01-02
7,Kedah,53,3144,2021-01-03
5,Pulau Pinang,103,4105,2021-01-03
0,Sabah,316,37869,2021-01-03
1,Selangor,673,34480,2021-01-03
2,Wp Kuala Lumpur,112,14214,2021-01-03
4,Johor,179,6605,2021-01-03
6,Perak,75,3333,2021-01-03
3,Negeri Sembilan,72,8082,2021-01-03
8,Wp Labuan,16,1721,2021-01-03
9,Pahang,21,1431,2021-01-03
11,Sarawak,10,1140,2021-01-03
12,Kelantan,47,884,2021-01-03
13,Terengganu,4,359,2021-01-03
14,Wp Putrajaya,17,315,2021-01-03
15,Perlis,0,46,2021-01-03
10,Melaka,6,1349,2021-01-03
6,Perak,34,3367,2021-01-04
7,Kedah,45,3189,2021-01-04
1,Selangor,687,35167,2021-01-04
0,Sabah,303,38172,2021-01-04
3,Negeri Sembilan,56,8138,2021-01-04
4,Johor,295,6900,2021-01-04
5,Pulau Pinang,55,4160,2021-01-04
2,Wp Kuala Lumpur,150,14364,2021-01-04
13,Terengganu,4,363,2021-01-04
10,Melaka,34,1383,2021-01-04
11,Sarawak,8,1148,2021-01-04
12,Kelantan,50,934,2021-01-04
15,Perlis,1,47,2021-01-04
14,Wp Putrajaya,6,321,2021-01-04
8,Wp Labuan,1,1722,2021-01-04
9,Pahang,12,1443,2021-01-04
15,Perlis,0,47,2021-01-05
6,Perak,25,3392,2021-01-05
0,Sabah,383,38555,2021-01-05
1,Selangor,509,35676,2021-01-05
2,Wp Kuala Lumpur,313,14677,2021-01-05
3,Negeri Sembilan,98,8236,2021-01-05
4,Johor,428,7328,2021-01-05
5,Pulau Pinang,60,4220,2021-01-05
9,Pahang,25,1468,2021-01-05
11,Sarawak,13,1161,2021-01-05
12,Kelantan,42,976,2021-01-05
13,Terengganu,13,376,2021-01-05
14,Wp Putrajaya,13,334,2021-01-05
7,Kedah,47,3236,2021-01-05
8,Wp Labuan,37,1759,2021-01-05
10,Melaka,21,1404,2021-01-05
5,Pulau Pinang,111,4408,2021-01-07
0,Sabah,493,39453,2021-01-07
1,Selangor,706,37347,2021-01-07
2,Wp Kuala Lumpur,316,15641,2021-01-07
3,Negeri Sembilan,63,8424,2021-01-07
4,Johor,1103,9002,2021-01-07
6,Perak,59,3485,2021-01-07
7,Kedah,30,3308,2021-01-07
8,Wp Labuan,3,1771,2021-01-07
9,Pahang,25,1504,2021-01-07
10,Melaka,11,1428,2021-01-07
11,Sarawak,14,1180,2021-01-07
12,Kelantan,66,1085,2021-01-07
13,Terengganu,10,405,2021-01-07
14,Wp Putrajaya,17,360,2021-01-07
15,Perlis,0,47,2021-01-07
6,Perak,80,3565,2021-01-08
0,Sabah,401,39854,2021-01-08
1,Selangor,1086,38433,2021-01-08
2,Wp Kuala Lumpur,282,15540,2021-01-08
3,Johor,298,9300,2021-01-08
4,Negeri Sembilan,88,8512,2021-01-08
5,Pulau Pinang,75,4483,2021-01-08
7,Kedah,107,3415,2021-01-08
8,Wp Labuan,6,1777,2021-01-08
10,Melaka,70,1498,2021-01-08
11,Sarawak,16,1196,2021-01-08
12,Kelantan,49,1134,2021-01-08
13,Terengganu,34,439,2021-01-08
14,Wp Putrajaya,20,380,2021-01-08
15,Perlis,3,50,2021-01-08
9,Pahang,28,1532,2021-01-08
0,Sabah,409,40263,2021-01-09
3,Johor,302,9602,2021-01-09
5,Pulau Pinang,273,4756,2021-01-09
4,Negeri Sembilan,351,8863,2021-01-09
15,Perlis,8,58,2021-01-09
1,Selangor,564,38997,2021-01-09
6,Perak,42,3607,2021-01-09
2,Wp Kuala Lumpur,198,15738,2021-01-09
8,Wp Labuan,4,1781,2021-01-09
9,Pahang,36,1568,2021-01-09
7,Kedah,65,3480,2021-01-09
14,Wp Putrajaya,17,397,2021-01-09
11,Sarawak,55,1251,2021-01-09
12,Kelantan,61,1195,2021-01-09
10,Melaka,50,1548,2021-01-09
13,Terengganu,16,455,2021-01-09
15,Perlis,5,63,2021-01-10
5,Pulau Pinang,189,4945,2021-01-10
0,Sabah,403,40666,2021-01-10
1,Selangor,730,39727,2021-01-10
2,Wp Kuala Lumpur,231,15969,2021-01-10
4,Negeri Sembilan,144,9007,2021-01-10
6,Perak,80,3687,2021-01-10
3,Johor,321,9923,2021-01-10
8,Wp Labuan,17,1798,2021-01-10
9,Pahang,41,1609,2021-01-10
11,Kelantan,103,1298,2021-01-10
12,Sarawak,24,1275,2021-01-10
13,Terengganu,29,484,2021-01-10
14,Wp Putrajaya,10,407,2021-01-10
7,Kedah,71,3551,2021-01-10
10,Melaka,35,1583,2021-01-10
6,Perak,51,3738,2021-01-11
7,Kedah,40,3591,2021-01-11
0,Sabah,374,41040,2021-01-11
1,Selangor,557,40284,2021-01-11
3,Johor,396,10319,2021-01-11
4,Negeri Sembilan,102,9109,2021-01-11
5,Pulau Pinang,112,5057,2021-01-11
2,Wp Kuala Lumpur,204,16173,2021-01-11
14,Wp Putrajaya,13,420,2021-01-11
10,Melaka,37,1620,2021-01-11
11,Sarawak,153,1428,2021-01-11
12,Kelantan,95,1393,2021-01-11
13,Terengganu,41,525,2021-01-11
15,Perlis,3,66,2021-01-11
9,Pahang,46,1655,2021-01-11
8,Wp Labuan,8,1806,2021-01-11
4,Negeri Sembilan,85,9194,2021-01-12
3,Johor,442,10761,2021-01-12
5,Pulau Pinang,317,5374,2021-01-12
1,Selangor,1007,41291,2021-01-12
0,Sabah,409,41449,2021-01-12
6,Perak,241,3979,2021-01-12
2,Wp Kuala Lumpur,326,16499,2021-01-12
15,Perlis,0,66,2021-01-12
8,Wp Labuan,15,1821,2021-01-12
13,Terengganu,20,545,2021-01-12
9,Pahang,96,1751,2021-01-12
7,Kedah,62,3653,2021-01-12
14,Wp Putrajaya,36,456,2021-01-12
10,Melaka,21,1641,2021-01-12
12,Kelantan,86,1479,2021-01-12
11,Sarawak,146,1574,2021-01-12
7,Kedah,97,3750,2021-01-13
5,Pulau Pinang,105,5479,2021-01-13
1,Sabah,450,41899,2021-01-13
2,Wp Kuala Lumpur,289,16788,2021-01-13
3,Johor,535,11296,2021-01-13
4,Negeri Sembilan,106,9300,2021-01-13
6,Perak,61,4040,2021-01-13
0,Selangor,837,42128,2021-01-13
8,Pahang,143,1894,2021-01-13
9,Wp Labuan,0,1821,2021-01-13
10,Sarawak,166,1740,2021-01-13
11,Melaka,72,1713,2021-01-13
12,Kelantan,85,1564,2021-01-13
14,Wp Putrajaya,11,467,2021-01-13
15,Perlis,1,67,2021-01-13
13,Terengganu,27,572,2021-01-13
7,Kedah,86,3836,2021-01-14
0,Selangor,1036,43164,2021-01-14
1,Sabah,389,42288,2021-01-14
2,Wp Kuala Lumpur,257,17045,2021-01-14
3,Johor,460,11756,2021-01-14
5,Pulau Pinang,234,5713,2021-01-14
6,Perak,92,4132,2021-01-14
4,Negeri Sembilan,169,9469,2021-01-14
11,Melaka,85,1798,2021-01-14
9,Sarawak,180,1920,2021-01-14
10,Wp Labuan,34,1855,2021-01-14
12,Kelantan,85,1649,2021-01-14
13,Terengganu,89,661,2021-01-14
14,Wp Putrajaya,24,491,2021-01-14
15,Perlis,4,71,2021-01-14
8,Pahang,113,2007,2021-01-14
4,Negeri Sembilan,70,9539,2021-01-15
3,Johor,535,12291,2021-01-15
5,Pulau Pinang,194,5907,2021-01-15
1,Sabah,514,42802,2021-01-15
0,Selangor,889,44053,2021-01-15
6,Perak,74,4206,2021-01-15
2,Wp Kuala Lumpur,401,17446,2021-01-15
15,Perlis,0,71,2021-01-15
8,Pahang,70,2077,2021-01-15
13,Terengganu,92,753,2021-01-15
9,Sarawak,60,1980,2021-01-15
7,Kedah,142,3978,2021-01-15
14,Wp Putrajaya,24,515,2021-01-15
10,Wp Labuan,9,1864,2021-01-15
12,Kelantan,79,1728,2021-01-15
11,Melaka,58,1856,2021-01-15
5,Pulau Pinang,120,6027,2021-01-16
0,Selangor,1466,45519,2021-01-16
1,Sabah,449,43251,2021-01-16
2,Wp Kuala Lumpur,347,17793,2021-01-16
3,Johor,719,13010,2021-01-16
4,Negeri Sembilan,214,9753,2021-01-16
6,Perak,54,4260,2021-01-16
7,Kedah,195,4173,2021-01-16
8,Pahang,65,2142,2021-01-16
9,Sarawak,69,2049,2021-01-16
10,Melaka,44,1900,2021-01-16
11,Wp Labuan,17,1881,2021-01-16
12,Kelantan,141,1869,2021-01-16
13,Terengganu,80,833,2021-01-16
14,Wp Putrajaya,35,550,2021-01-16
15,Perlis,14,85,2021-01-16
6,Perak,107,4367,2021-01-17
0,Selangor,1314,46833,2021-01-17
1,Sabah,393,43644,2021-01-17
2,Wp Kuala Lumpur,334,18127,2021-01-17
3,Johor,362,13372,2021-01-17
4,Negeri Sembilan,236,9989,2021-01-17
5,Pulau Pinang,120,6147,2021-01-17
7,Kedah,96,4269,2021-01-17
8,Pahang,61,2203,2021-01-17
10,Kelantan,114,1983,2021-01-17
11,Melaka,60,1960,2021-01-17
12,Wp Labuan,22,1903,2021-01-17
13,Terengganu,22,855,2021-01-17
14,Wp Putrajaya,23,573,2021-01-17
15,Perlis,13,98,2021-01-17
9,Sarawak,62,2111,2021-01-17
4,Negeri Sembilan,126,10115,2021-01-18
15,Perlis,16,114,2021-01-18
0,Selangor,1213,48046,2021-01-18
1,Sabah,432,44076,2021-01-18
2,Wp Kuala Lumpur,250,18377,2021-01-18
3,Johor,329,13701,2021-01-18
5,Pulau Pinang,145,6292,2021-01-18
6,Perak,114,4481,2021-01-18
9,Sarawak,100,2211,2021-01-18
11,Melaka,156,2116,2021-01-18
12,Wp Labuan,14,1917,2021-01-18
13,Terengganu,20,875,2021-01-18
14,Wp Putrajaya,15,588,2021-01-18
7,Kedah,142,4411,2021-01-18
10,Kelantan,150,2133,2021-01-18
8,Pahang,84,2287,2021-01-18
7,Kedah,114,4525,2021-01-19
5,Pulau Pinang,124,6416,2021-01-19
1,Sabah,526,44602,2021-01-19
2,Wp Kuala Lumpur,521,18898,2021-01-19
3,Johor,368,14069,2021-01-19
4,Negeri Sembilan,139,10254,2021-01-19
6,Perak,135,4616,2021-01-19
0,Selangor,1199,49245,2021-01-19
8,Sarawak,156,2367,2021-01-19
9,Pahang,31,2318,2021-01-19
10,Kelantan,133,2266,2021-01-19
11,Melaka,122,2238,2021-01-19
12,Wp Labuan,1,1918,2021-01-19
14,Wp Putrajaya,26,614,2021-01-19
15,Perlis,3,117,2021-01-19
13,Terengganu,33,908,2021-01-19
7,Kedah,142,4667,2021-01-20
0,Selangor,1391,50636,2021-01-20
1,Sabah,406,45008,2021-01-20
2,Wp Kuala Lumpur,513,19411,2021-01-20
3,Johor,470,14539,2021-01-20
4,Negeri Sembilan,176,10430,2021-01-20
6,Perak,170,4786,2021-01-20
5,Pulau Pinang,124,6540,2021-01-20
10,Pahang,52,2370,2021-01-20
9,Kelantan,121,2387,2021-01-20
11,Melaka,132,2370,2021-01-20
12,Wp Labuan,1,1919,2021-01-20
13,Terengganu,81,989,2021-01-20
14,Wp Putrajaya,23,637,2021-01-20
15,Perlis,3,120,2021-01-20
8,Sarawak,203,2570,2021-01-20
0,Selangor,545,51181,2021-01-21
5,Pulau Pinang,171,6711,2021-01-21
1,Sabah,401,45409,2021-01-21
15,Perlis,8,128,2021-01-21
3,Johor,423,14962,2021-01-21
4,Negeri Sembilan,102,10532,2021-01-21
6,Perak,245,5031,2021-01-21
2,Wp Kuala Lumpur,576,19987,2021-01-21
7,Kedah,156,4823,2021-01-21
14,Wp Putrajaya,33,670,2021-01-21
10,Melaka,106,2476,2021-01-21
9,Kelantan,135,2522,2021-01-21
12,Wp Labuan,32,1951,2021-01-21
8,Sarawak,132,2702,2021-01-21
13,Terengganu,57,1046,2021-01-21
11,Pahang,48,2418,2021-01-21
15,Perlis,13,141,2021-01-22
5,Pulau Pinang,202,6913,2021-01-22
0,Selangor,782,51963,2021-01-22
1,Sabah,453,45862,2021-01-22
2,Wp Kuala Lumpur,435,20422,2021-01-22
4,Negeri Sembilan,197,10729,2021-01-22
6,Perak,138,5169,2021-01-22
3,Johor,466,15428,2021-01-22
8,Sarawak,229,2931,2021-01-22
9,Kelantan,161,2683,2021-01-22
11,Pahang,61,2479,2021-01-22
12,Wp Labuan,29,1980,2021-01-22
13,Terengganu,178,1224,2021-01-22
14,Wp Putrajaya,39,709,2021-01-22
7,Kedah,166,4989,2021-01-22
10,Melaka,82,2558,2021-01-22
6,Perak,208,5377,2021-01-23
0,Selangor,1421,53384,2021-01-23
7,Kedah,105,5094,2021-01-23
2,Wp Kuala Lumpur,548,20970,2021-01-23
3,Johor,425,15853,2021-01-23
4,Negeri Sembilan,108,10837,2021-01-23
5,Pulau Pinang,162,7075,2021-01-23
1,Sabah,498,46360,2021-01-23
14,Wp Putrajaya,35,744,2021-01-23
10,Kelantan,78,2761,2021-01-23
11,Pahang,75,2554,2021-01-23
12,Wp Labuan,3,1983,2021-01-23
13,Terengganu,131,1355,2021-01-23
15,Perlis,7,148,2021-01-23
9,Melaka,278,2836,2021-01-23
8,Sarawak,193,3124,2021-01-23
3,Johor,378,16231,2021-01-24
5,Pulau Pinang,90,7165,2021-01-24
4,Negeri Sembilan,160,10997,2021-01-24
15,Perlis,3,151,2021-01-24
2,Wp Kuala Lumpur,390,21360,2021-01-24
1,Sabah,431,46791,2021-01-24
6,Perak,46,5423,2021-01-24
0,Selangor,950,54334,2021-01-24
8,Sarawak,255,3379,2021-01-24
7,Kedah,85,5179,2021-01-24
14,Wp Putrajaya,38,782,2021-01-24
13,Terengganu,179,1534,2021-01-24
9,Melaka,152,2988,2021-01-24
11,Pahang,63,2617,2021-01-24
10,Kelantan,77,2838,2021-01-24
12,Wp Labuan,49,2032,2021-01-24
5,Pulau Pinang,110,7275,2021-01-25
0,Selangor,1035,55369,2021-01-25
1,Sabah,348,47139,2021-01-25
2,Wp Kuala Lumpur,305,21665,2021-01-25
3,Johor,529,16760,2021-01-25
4,Negeri Sembilan,95,11092,2021-01-25
6,Perak,103,5526,2021-01-25
7,Kedah,74,5253,2021-01-25
8,Sarawak,120,3499,2021-01-25
9,Melaka,90,3078,2021-01-25
10,Kelantan,89,2927,2021-01-25
11,Pahang,46,2663,2021-01-25
12,Wp Labuan,0,2032,2021-01-25
13,Terengganu,79,1613,2021-01-25
14,Wp Putrajaya,22,804,2021-01-25
15,Perlis,3,154,2021-01-25
1,Sabah,303,47442,2021-01-26
6,Perak,58,5584,2021-01-26
0,Selangor,1295,56664,2021-01-26
2,Wp Kuala Lumpur,610,22275,2021-01-26
3,Johor,516,17276,2021-01-26
4,Negeri Sembilan,129,11221,2021-01-26
5,Pulau Pinang,104,7379,2021-01-26
7,Kedah,88,5341,2021-01-26
8,Sarawak,205,3704,2021-01-26
10,Kelantan,76,3003,2021-01-26
11,Pahang,15,2678,2021-01-26
12,Wp Labuan,1,2033,2021-01-26
13,Terengganu,76,1689,2021-01-26
15,Perlis,2,156,2021-01-26
9,Melaka,92,3170,2021-01-26
14,Wp Putrajaya,15,819,2021-01-26
3,Johor,1069,18345,2021-01-27
0,Selangor,822,57486,2021-01-27
5,Pulau Pinang,101,7480,2021-01-27
4,Negeri Sembilan,112,11333,2021-01-27
15,Perlis,3,159,2021-01-27
2,Wp Kuala Lumpur,698,22973,2021-01-27
1,Sabah,295,47737,2021-01-27
6,Perak,181,5765,2021-01-27
10,Kelantan,60,3063,2021-01-27
7,Kedah,76,5417,2021-01-27
9,Melaka,63,3233,2021-01-27
14,Wp Putrajaya,19,838,2021-01-27
8,Sarawak,70,3774,2021-01-27
12,Wp Labuan,1,2034,2021-01-27
11,Pahang,42,2720,2021-01-27
13,Terengganu,68,1757,2021-01-27
5,Pulau Pinang,99,7579,2021-01-28
0,Selangor,1577,59063,2021-01-28
1,Sabah,282,48019,2021-01-28
2,Wp Kuala Lumpur,678,23651,2021-01-28
3,Johor,717,19062,2021-01-28
4,Negeri Sembilan,48,11381,2021-01-28
6,Perak,94,5859,2021-01-28
15,Perlis,9,168,2021-01-28
8,Sarawak,171,3945,2021-01-28
9,Melaka,73,3306,2021-01-28
10,Kelantan,37,3100,2021-01-28
11,Pahang,72,2792,2021-01-28
12,Wp Labuan,55,2089,2021-01-28
13,Terengganu,80,1837,2021-01-28
14,Wp Putrajaya,10,848,2021-01-28
7,Kedah,92,5509,2021-01-28
2,Wp Kuala Lumpur,687,24338,2021-01-29
6,Perak,73,5932,2021-01-29
0,Selangor,3126,62189,2021-01-29
1,Sabah,288,48307,2021-01-29
3,Johor,684,19746,2021-01-29
4,Negeri Sembilan,69,11450,2021-01-29
5,Pulau Pinang,99,7678,2021-01-29
7,Kedah,125,5634,2021-01-29
8,Sarawak,179,4124,2021-01-29
10,Kelantan,93,3193,2021-01-29
11,Pahang,67,2859,2021-01-29
12,Wp Labuan,5,2094,2021-01-29
14,Wp Putrajaya,16,864,2021-01-29
15,Perlis,3,171,2021-01-29
9,Melaka,74,3380,2021-01-29
13,Terengganu,137,1974,2021-01-29
6,Perak,112,6044,2021-01-30
15,Perlis,0,171,2021-01-30
0,Selangor,3285,65474,2021-01-30
1,Sabah,263,48570,2021-01-30
2,Wp Kuala Lumpur,480,24818,2021-01-30
3,Johor,792,20538,2021-01-30
4,Negeri Sembilan,158,11608,2021-01-30
5,Pulau Pinang,101,7779,2021-01-30
9,Melaka,42,3422,2021-01-30
11,Pahang,51,2910,2021-01-30
12,Wp Labuan,29,2123,2021-01-30
13,Terengganu,85,2059,2021-01-30
14,Wp Putrajaya,12,876,2021-01-30
8,Sarawak,191,4315,2021-01-30
7,Kedah,99,5733,2021-01-30
10,Kelantan,28,3221,2021-01-30
15,Perlis,5,176,2021-01-31
5,Pulau Pinang,69,7848,2021-01-31
0,Selangor,2460,67934,2021-01-31
1,Sabah,298,48868,2021-01-31
2,Wp Kuala Lumpur,783,25601,2021-01-31
3,Johor,1020,21558,2021-01-31
4,Negeri Sembilan,42,11650,2021-01-31
6,Perak,63,6107,2021-01-31
9,Melaka,153,3575,2021-01-31
10,Kelantan,30,3251,2021-01-31
11,Pahang,74,2984,2021-01-31
12,Wp Labuan,24,2147,2021-01-31
13,Terengganu,83,2142,2021-01-31
14,Wp Putrajaya,6,882,2021-01-31
7,Kedah,53,5786,2021-01-31
8,Sarawak,135,4450,2021-01-31
6,Perak,193,6300,2021-02-01
7,Kedah,47,5833,2021-02-01
1,Sabah,276,49144,2021-02-01
2,Wp Kuala Lumpur,702,26303,2021-02-01
3,Johor,1068,22626,2021-02-01
4,Negeri Sembilan,91,11741,2021-02-01
5,Pulau Pinang,119,7967,2021-02-01
0,Selangor,1362,69296,2021-02-01
10,Kelantan,57,3308,2021-02-01
11,Pahang,54,3038,2021-02-01
12,Terengganu,38,2180,2021-02-01
13,Wp Labuan,7,2154,2021-02-01
14,Wp Putrajaya,10,892,2021-02-01
15,Perlis,0,176,2021-02-01
8,Sarawak,105,4555,2021-02-01
9,Melaka,85,3660,2021-02-01
7,Kedah,59,5892,2021-02-02
0,Selangor,1145,70441,2021-02-02
1,Sabah,276,49420,2021-02-02
2,Wp Kuala Lumpur,619,26922,2021-02-02
6,Perak,84,6384,2021-02-02
4,Negeri Sembilan,79,11820,2021-02-02
5,Pulau Pinang,85,8052,2021-02-02
3,Johor,708,23334,2021-02-02
12,Terengganu,115,2295,2021-02-02
15,Perlis,1,177,2021-02-02
14,Wp Putrajaya,6,898,2021-02-02
11,Pahang,63,3101,2021-02-02
9,Melaka,62,3722,2021-02-02
13,Wp Labuan,1,2155,2021-02-02
10,Kelantan,31,3339,2021-02-02
8,Sarawak,121,4676,2021-02-02
0,Selangor,1572,72013,2021-02-03
1,Sabah,190,49610,2021-02-03
2,Wp Kuala Lumpur,651,27573,2021-02-03
3,Johor,964,24298,2021-02-03
4,Negeri Sembilan,133,11953,2021-02-03
6,Perak,106,6490,2021-02-03
7,Kedah,124,6016,2021-02-03
5,Pulau Pinang,122,8174,2021-02-03
9,Melaka,53,3775,2021-02-03
10,Kelantan,65,3404,2021-02-03
11,Pahang,66,3167,2021-02-03
12,Terengganu,55,2350,2021-02-03
13,Wp Labuan,21,2176,2021-02-03
14,Wp Putrajaya,14,912,2021-02-03
15,Perlis,0,177,2021-02-03
8,Sarawak,148,4824,2021-02-03
6,Perak,163,6653,2021-02-04
5,Pulau Pinang,157,8331,2021-02-04
0,Selangor,2056,74069,2021-02-04
1,Sabah,175,49785,2021-02-04
2,Wp Kuala Lumpur,481,28054,2021-02-04
3,Johor,664,24962,2021-02-04
4,Negeri Sembilan,100,12053,2021-02-04
13,Wp Labuan,1,2177,2021-02-04
8,Sarawak,270,5094,2021-02-04
10,Kelantan,48,3452,2021-02-04
11,Pahang,78,3245,2021-02-04
12,Terengganu,69,2419,2021-02-04
14,Wp Putrajaya,20,932,2021-02-04
15,Perlis,0,177,2021-02-04
7,Kedah,51,6067,2021-02-04
9,Melaka,238,4013,2021-02-04
3,Johor,598,25560,2021-02-05
5,Pulau Pinang,149,8480,2021-02-05
6,Perak,92,6745,2021-02-05
0,Selangor,1228,75297,2021-02-05
1,Sabah,196,49981,2021-02-05
2,Wp Kuala Lumpur,395,28449,2021-02-05
4,Negeri Sembilan,116,12169,2021-02-05
7,Kedah,91,6158,2021-02-05
15,Perlis,1,178,2021-02-05
11,Pahang,51,3296,2021-02-05
12,Terengganu,84,2503,2021-02-05
13,Wp Labuan,7,2184,2021-02-05
14,Wp Putrajaya,6,938,2021-02-05
8,Sarawak,178,5272,2021-02-05
10,Kelantan,58,3510,2021-02-05
9,Melaka,141,4154,2021-02-05
7,Kedah,43,6265,2021-02-07
0,Selangor,1606,78384,2021-02-07
2,Wp Kuala Lumpur,372,29223,2021-02-07
3,Johor,499,26644,2021-02-07
4,Negeri Sembilan,92,12394,2021-02-07
5,Pulau Pinang,250,8941,2021-02-07
6,Perak,71,6852,2021-02-07
1,Sabah,160,50374,2021-02-07
8,Sarawak,219,5676,2021-02-07
9,Melaka,313,4796,2021-02-07
10,Kelantan,32,3604,2021-02-07
11,Pahang,34,3378,2021-02-07
12,Terengganu,29,2588,2021-02-07
14,Wp Putrajaya,9,955,2021-02-07
15,Perlis,2,184,2021-02-07
13,Wp Labuan,0,2194,2021-02-07
15,Perlis,4,188,2021-02-08
0,Selangor,1196,79580,2021-02-08
1,Sabah,169,50543,2021-02-08
2,Wp Kuala Lumpur,295,29518,2021-02-08
3,Johor,490,27134,2021-02-08
4,Negeri Sembilan,104,12498,2021-02-08
6,Perak,72,6924,2021-02-08
5,Pulau Pinang,209,9150,2021-02-08
10,Kelantan,30,3634,2021-02-08
9,Melaka,344,5140,2021-02-08
11,Pahang,28,3406,2021-02-08
12,Terengganu,30,2618,2021-02-08
13,Wp Labuan,0,2194,2021-02-08
14,Wp Putrajaya,8,963,2021-02-08
7,Kedah,37,6302,2021-02-08
8,Sarawak,84,5760,2021-02-08
3,Johor,521,27655,2021-02-09
4,Negeri Sembilan,99,12597,2021-02-09
2,Wp Kuala Lumpur,422,29940,2021-02-09
7,Kedah,59,6361,2021-02-09
0,Selangor,862,80442,2021-02-09
6,Perak,40,6964,2021-02-09
1,Sabah,180,50723,2021-02-09
5,Pulau Pinang,119,9269,2021-02-09
9,Melaka,203,5343,2021-02-09
10,Kelantan,62,3696,2021-02-09
11,Pahang,32,3438,2021-02-09
15,Perlis,0,188,2021-02-09
14,Wp Putrajaya,10,973,2021-02-09
8,Sarawak,111,5871,2021-02-09
13,Wp Labuan,10,2204,2021-02-09
12,Terengganu,34,2652,2021-02-09
5,Pulau Pinang,59,9328,2021-02-10
0,Selangor,1757,82199,2021-02-10
1,Sabah,132,50855,2021-02-10
2,Wp Kuala Lumpur,408,30348,2021-02-10
3,Johor,369,28024,2021-02-10
4,Negeri Sembilan,157,12754,2021-02-10
6,Perak,42,7006,2021-02-10
7,Kedah,48,6409,2021-02-10
10,Kelantan,44,3740,2021-02-10
11,Pahang,14,3452,2021-02-10
12,Terengganu,24,2676,2021-02-10
13,Wp Labuan,3,2207,2021-02-10
14,Wp Putrajaya,4,977,2021-02-10
15,Perlis,0,188,2021-02-10
8,Sarawak,135,6006,2021-02-10
9,Melaka,92,5435,2021-02-10
6,Perak,82,7088,2021-02-11
13,Wp Labuan,14,2221,2021-02-11
0,Selangor,1082,83281,2021-02-11
1,Sabah,142,50997,2021-02-11
2,Wp Kuala Lumpur,435,30783,2021-02-11
3,Johor,777,28801,2021-02-11
4,Negeri Sembilan,89,12843,2021-02-11
5,Pulau Pinang,144,9472,2021-02-11
9,Melaka,101,5536,2021-02-11
10,Kelantan,48,3788,2021-02-11
11,Pahang,21,3473,2021-02-11
12,Terengganu,26,2702,2021-02-11
14,Wp Putrajaya,7,984,2021-02-11
7,Kedah,228,6637,2021-02-11
15,Perlis,4,192,2021-02-11
8,Sarawak,184,6190,2021-02-11
5,Pulau Pinang,149,9621,2021-02-12
6,Perak,99,7187,2021-02-12
0,Selangor,1214,84495,2021-02-12
1,Sabah,118,51115,2021-02-12
2,Wp Kuala Lumpur,374,31157,2021-02-12
3,Johor,742,29543,2021-02-12
4,Negeri Sembilan,118,12961,2021-02-12
7,Kedah,188,6825,2021-02-12
9,Melaka,45,5581,2021-02-12
11,Pahang,30,3503,2021-02-12
12,Terengganu,72,2774,2021-02-12
13,Wp Labuan,1,2222,2021-02-12
14,Wp Putrajaya,6,990,2021-02-12
15,Perlis,0,192,2021-02-12
8,Sarawak,83,6273,2021-02-12
10,Kelantan,79,3867,2021-02-12
0,Selangor,1345,85840,2021-02-13
1,Sabah,101,51216,2021-02-13
2,Wp Kuala Lumpur,511,31668,2021-02-13
3,Johor,802,30345,2021-02-13
4,Negeri Sembilan,58,13019,2021-02-13
5,Pulau Pinang,138,9759,2021-02-13
6,Perak,121,7308,2021-02-13
7,Kedah,111,6936,2021-02-13
8,Sarawak,152,6425,2021-02-13
9,Melaka,50,5631,2021-02-13
10,Kelantan,44,3911,2021-02-13
11,Pahang,13,3516,2021-02-13
12,Terengganu,46,2820,2021-02-13
13,Wp Labuan,2,2224,2021-02-13
14,Wp Putrajaya,3,993,2021-02-13
15,Perlis,2,194,2021-02-13
6,Perak,85,7393,2021-02-14
0,Selangor,1103,86943,2021-02-14
1,Sabah,116,51332,2021-02-14
2,Wp Kuala Lumpur,154,31822,2021-02-14
3,Johor,492,30837,2021-02-14
4,Negeri Sembilan,40,13059,2021-02-14
5,Pulau Pinang,56,9815,2021-02-14
15,Perlis,0,194,2021-02-14
8,Sarawak,161,6586,2021-02-14
10,Kelantan,88,3999,2021-02-14
11,Pahang,10,3526,2021-02-14
12,Terengganu,51,2871,2021-02-14
13,Wp Labuan,1,2225,2021-02-14
14,Wp Putrajaya,4,997,2021-02-14
7,Kedah,92,7028,2021-02-14
9,Melaka,11,5642,2021-02-14
4,Negeri Sembilan,145,13204,2021-02-15
6,Perak,83,7476,2021-02-15
0,Selangor,910,87853,2021-02-15
1,Sabah,97,51429,2021-02-15
2,Wp Kuala Lumpur,182,32004,2021-02-15
3,Johor,269,31106,2021-02-15
7,Kedah,33,7061,2021-02-15
5,Pulau Pinang,91,9906,2021-02-15
9,Melaka,14,5656,2021-02-15
14,Wp Putrajaya,7,1004,2021-02-15
12,Terengganu,53,2924,2021-02-15
8,Sarawak,246,6832,2021-02-15
10,Kelantan,31,4030,2021-02-15
15,Perlis,0,194,2021-02-15
11,Pahang,15,3541,2021-02-15
13,Wp Labuan,0,2225,2021-02-15
0,Selangor,1300,89153,2021-02-16
1,Sabah,132,51561,2021-02-16
2,Wp Kuala Lumpur,318,32322,2021-02-16
3,Johor,451,31557,2021-02-16
4,Negeri Sembilan,64,13268,2021-02-16
6,Perak,69,7545,2021-02-16
7,Kedah,38,7099,2021-02-16
5,Pulau Pinang,72,9978,2021-02-16
9,Melaka,14,5670,2021-02-16
10,Kelantan,17,4047,2021-02-16
11,Pahang,19,3560,2021-02-16
12,Terengganu,26,2950,2021-02-16
13,Wp Labuan,1,2226,2021-02-16
14,Wp Putrajaya,6,1010,2021-02-16
15,Perlis,0,194,2021-02-16
8,Sarawak,193,7025,2021-02-16
6,Perak,99,7644,2021-02-17
5,Pulau Pinang,92,10070,2021-02-17
0,Selangor,1382,90535,2021-02-17
1,Sabah,94,51655,2021-02-17
2,Wp Kuala Lumpur,226,32548,2021-02-17
3,Johor,436,31993,2021-02-17
4,Negeri Sembilan,233,13501,2021-02-17
13,Wp Labuan,1,2227,2021-02-17
8,Kedah,36,7135,2021-02-17
10,Kelantan,72,4119,2021-02-17
11,Pahang,14,3574,2021-02-17
12,Terengganu,91,3041,2021-02-17
14,Wp Putrajaya,2,1012,2021-02-17
15,Perlis,0,194,2021-02-17
7,Sarawak,200,7225,2021-02-17
9,Melaka,20,5690,2021-02-17
5,Pulau Pinang,116,10186,2021-02-18
0,Selangor,1013,91548,2021-02-18
1,Sabah,114,51769,2021-02-18
2,Wp Kuala Lumpur,212,32760,2021-02-18
3,Johor,426,32419,2021-02-18
4,Negeri Sembilan,81,13582,2021-02-18
6,Perak,198,7842,2021-02-18
7,Sarawak,200,7425,2021-02-18
9,Melaka,38,5728,2021-02-18
11,Pahang,52,3626,2021-02-18
12,Terengganu,19,3060,2021-02-18
13,Wp Labuan,5,2232,2021-02-18
14,Wp Putrajaya,7,1019,2021-02-18
15,Perlis,6,200,2021-02-18
8,Kedah,182,7317,2021-02-18
10,Kelantan,43,4162,2021-02-18
0,Selangor,978,92526,2021-02-19
1,Sabah,101,51870,2021-02-19
2,Wp Kuala Lumpur,227,32987,2021-02-19
3,Johor,730,33149,2021-02-19
4,Negeri Sembilan,191,13773,2021-02-19
5,Pulau Pinang,188,10374,2021-02-19
6,Perak,155,7997,2021-02-19
7,Sarawak,199,7624,2021-02-19
10,Kelantan,38,4200,2021-02-19
11,Pahang,26,3652,2021-02-19
12,Terengganu,37,3097,2021-02-19
13,Wp Labuan,1,2233,2021-02-19
14,Wp Putrajaya,3,1022,2021-02-19
15,Perlis,0,200,2021-02-19
8,Kedah,36,7353,2021-02-19
9,Melaka,26,5754,2021-02-19
6,Perak,108,8105,2021-02-20
7,Sarawak,134,7758,2021-02-20
1,Sabah,109,51979,2021-02-20
2,Johor,233,33382,2021-02-20
3,Wp Kuala Lumpur,230,33217,2021-02-20
4,Negeri Sembilan,89,13862,2021-02-20
5,Pulau Pinang,87,10461,2021-02-20
0,Selangor,1001,93527,2021-02-20
10,Kelantan,257,4457,2021-02-20
11,Pahang,42,3694,2021-02-20
12,Terengganu,22,3119,2021-02-20
13,Wp Labuan,0,2233,2021-02-20
14,Wp Putrajaya,13,1035,2021-02-20
15,Perlis,3,203,2021-02-20
8,Kedah,101,7454,2021-02-20
9,Melaka,32,5786,2021-02-20
6,Perak,1215,9320,2021-02-21
0,Selangor,868,94395,2021-02-21
1,Sabah,85,52064,2021-02-21
2,Johor,431,33813,2021-02-21
3,Wp Kuala Lumpur,123,33340,2021-02-21
4,Negeri Sembilan,122,13984,2021-02-21
9,Melaka,65,5851,2021-02-21
7,Sarawak,185,7943,2021-02-21
13,Wp Labuan,3,2236,2021-02-21
14,Wp Putrajaya,7,1042,2021-02-21
5,Pulau Pinang,127,10588,2021-02-21
8,Kedah,15,7469,2021-02-21
11,Pahang,9,3703,2021-02-21
10,Kelantan,30,4487,2021-02-21
12,Terengganu,12,3131,2021-02-21
15,Perlis,0,203,2021-02-21
5,Pulau Pinang,135,10723,2021-02-22
0,Selangor,910,95305,2021-02-22
1,Sabah,110,52174,2021-02-22
2,Johor,211,34024,2021-02-22
3,Wp Kuala Lumpur,303,33643,2021-02-22
4,Negeri Sembilan,64,14048,2021-02-22
6,Perak,148,9468,2021-02-22
7,Sarawak,221,8164,2021-02-22
10,Kelantan,28,4515,2021-02-22
11,Pahang,7,3710,2021-02-22
12,Terengganu,4,3135,2021-02-22
13,Wp Labuan,0,2236,2021-02-22
14,Wp Putrajaya,7,1049,2021-02-22
15,Perlis,4,207,2021-02-22
8,Kedah,26,7495,2021-02-22
9,Melaka,14,5865,2021-02-22
6,Perak,308,9776,2021-02-23
13,Wp Labuan,6,2242,2021-02-23
0,Selangor,932,96237,2021-02-23
1,Sabah,94,52268,2021-02-23
2,Johor,428,34452,2021-02-23
3,Wp Kuala Lumpur,155,33798,2021-02-23
4,Negeri Sembilan,100,14148,2021-02-23
5,Pulau Pinang,155,10878,2021-02-23
9,Melaka,22,5887,2021-02-23
10,Kelantan,96,4611,2021-02-23
11,Pahang,11,3721,2021-02-23
12,Terengganu,9,3144,2021-02-23
14,Wp Putrajaya,4,1053,2021-02-23
7,Sarawak,133,8297,2021-02-23
15,Perlis,0,207,2021-02-23
8,Kedah,15,7510,2021-02-23
5,Pulau Pinang,95,10973,2021-02-24
6,Perak,188,9964,2021-02-24
0,Selangor,581,96818,2021-02-24
1,Sabah,105,52373,2021-02-24
2,Johor,318,34770,2021-02-24
3,Wp Kuala Lumpur,381,34179,2021-02-24
7,Sarawak,353,8650,2021-02-24
4,Negeri Sembilan,1392,15540,2021-02-24
11,Pahang,8,3729,2021-02-24
8,Kedah,17,7527,2021-02-24
12,Terengganu,22,3166,2021-02-24
13,Wp Labuan,5,2247,2021-02-24
14,Wp Putrajaya,1,1054,2021-02-24
15,Perlis,0,207,2021-02-24
10,Kelantan,53,4664,2021-02-24
9,Melaka,26,5913,2021-02-24
7,Sarawak,219,8869,2021-02-25
0,Selangor,666,97484,2021-02-25
2,Johor,257,35027,2021-02-25
3,Wp Kuala Lumpur,218,34397,2021-02-25
4,Negeri Sembilan,62,15602,2021-02-25
5,Pulau Pinang,162,11135,2021-02-25
6,Perak,120,10084,2021-02-25
1,Sabah,93,52466,2021-02-25
8,Kedah,29,7556,2021-02-25
9,Melaka,22,5935,2021-02-25
10,Kelantan,44,4708,2021-02-25
11,Pahang,19,3748,2021-02-25
12,Terengganu,6,3172,2021-02-25
14,Wp Putrajaya,2,1056,2021-02-25
15,Perlis,1,208,2021-02-25
13,Wp Labuan,4,2251,2021-02-25
15,Perlis,4,212,2021-02-26
0,Selangor,633,98117,2021-02-26
1,Sabah,129,52595,2021-02-26
2,Johor,276,35303,2021-02-26
3,Wp Kuala Lumpur,122,34519,2021-02-26
4,Negeri Sembilan,68,15670,2021-02-26
6,Perak,545,10629,2021-02-26
5,Pulau Pinang,93,11228,2021-02-26
10,Kelantan,73,4781,2021-02-26
9,Melaka,13,5948,2021-02-26
11,Pahang,21,3769,2021-02-26
12,Terengganu,1,3173,2021-02-26
13,Wp Labuan,0,2251,2021-02-26
14,Wp Putrajaya,0,1056,2021-02-26
7,Sarawak,250,9119,2021-02-26
8,Kedah,25,7581,2021-02-26
3,Wp Kuala Lumpur,117,34636,2021-02-27
4,Negeri Sembilan,74,15744,2021-02-27
0,Selangor,862,98979,2021-02-27
6,Perak,305,10934,2021-02-27
1,Sabah,157,52752,2021-02-27
12,Terengganu,11,3184,2021-02-27
2,Johor,314,35617,2021-02-27
5,Pulau Pinang,155,11383,2021-02-27
13,Wp Labuan,0,2251,2021-02-27
10,Kelantan,68,4849,2021-02-27
9,Melaka,17,5965,2021-02-27
11,Pahang,8,3777,2021-02-27
7,Sarawak,255,9374,2021-02-27
15,Perlis,0,212,2021-02-27
14,Wp Putrajaya,4,1060,2021-02-27
8,Kedah,17,7598,2021-02-27
5,Pulau Pinang,105,11488,2021-02-28
0,Selangor,914,99893,2021-02-28
1,Sabah,134,52886,2021-02-28
2,Johor,340,35957,2021-02-28
3,Wp Kuala Lumpur,337,34973,2021-02-28
4,Negeri Sembilan,65,15809,2021-02-28
6,Perak,287,11221,2021-02-28
7,Sarawak,171,9545,2021-02-28
10,Kelantan,33,4882,2021-02-28
11,Pahang,11,3788,2021-02-28
12,Terengganu,12,3196,2021-02-28
13,Wp Labuan,2,2253,2021-02-28
14,Wp Putrajaya,3,1063,2021-02-28
15,Perlis,0,212,2021-02-28
8,Kedah,13,7611,2021-02-28
9,Melaka,10,5975,2021-02-28
6,Perak,144,11365,2021-03-01
13,Wp Labuan,0,2253,2021-03-01
0,Selangor,453,100346,2021-03-01
1,Sabah,104,52990,2021-03-01
2,Johor,490,36447,2021-03-01
3,Wp Kuala Lumpur,75,35048,2021-03-01
4,Negeri Sembilan,167,15976,2021-03-01
5,Pulau Pinang,85,11573,2021-03-01
9,Melaka,8,5983,2021-03-01
10,Kelantan,36,4918,2021-03-01
11,Pahang,8,3796,2021-03-01
12,Terengganu,15,3211,2021-03-01
14,Wp Putrajaya,6,1069,2021-03-01
15,Perlis,1,213,2021-03-01
7,Sarawak,220,9765,2021-03-01
8,Kedah,16,7627,2021-03-01
7,Sarawak,159,9924,2021-03-02
6,Perak,63,11428,2021-03-02
0,Selangor,672,101018,2021-03-02
1,Sabah,53,53043,2021-03-02
2,Johor,163,36610,2021-03-02
3,Wp Kuala Lumpur,145,35193,2021-03-02
4,Negeri Sembilan,115,16091,2021-03-02
5,Pulau Pinang,106,11679,2021-03-02
9,Melaka,11,5994,2021-03-02
10,Kelantan,46,4964,2021-03-02
11,Pahang,3,3799,2021-03-02
12,Terengganu,7,3218,2021-03-02
13,Wp Labuan,0,2253,2021-03-02
14,Wp Putrajaya,1,1070,2021-03-02
8,Kedah,11,7638,2021-03-02
15,Perlis,0,213,2021-03-02
0,Selangor,640,101658,2021-03-03
1,Sabah,95,53138,2021-03-03
2,Johor,376,36986,2021-03-03
3,Wp Kuala Lumpur,92,35285,2021-03-03
4,Negeri Sembilan,24,16115,2021-03-03
5,Pulau Pinang,90,11769,2021-03-03
6,Perak,136,11564,2021-03-03
7,Sarawak,139,10063,2021-03-03
8,Kedah,40,7678,2021-03-03
9,Melaka,36,6030,2021-03-03
10,Kelantan,33,4997,2021-03-03
11,Pahang,36,3835,2021-03-03
12,Terengganu,5,3223,2021-03-03
13,Wp Labuan,0,2253,2021-03-03
14,Wp Putrajaya,3,1073,2021-03-03
15,Perlis,0,213,2021-03-03
6,Perak,101,11665,2021-03-04
0,Selangor,630,102288,2021-03-04
1,Sabah,78,53216,2021-03-04
2,Johor,255,37241,2021-03-04
3,Wp Kuala Lumpur,120,35405,2021-03-04
4,Negeri Sembilan,91,16206,2021-03-04
5,Pulau Pinang,337,12106,2021-03-04
15,Perlis,1,214,2021-03-04
8,Kedah,12,7690,2021-03-04
10,Kelantan,44,5041,2021-03-04
11,Pahang,13,3848,2021-03-04
12,Terengganu,10,3233,2021-03-04
13,Wp Labuan,0,2253,2021-03-04
14,Wp Putrajaya,7,1080,2021-03-04
7,Sarawak,361,10424,2021-03-04
9,Melaka,3,6033,2021-03-04
4,Negeri Sembilan,77,16283,2021-03-05
6,Perak,109,11774,2021-03-05
0,Selangor,794,103082,2021-03-05
1,Sabah,97,53313,2021-03-05
2,Johor,463,37704,2021-03-05
3,Wp Kuala Lumpur,108,35513,2021-03-05
7,Sarawak,250,10674,2021-03-05
5,Pulau Pinang,119,12225,2021-03-05
9,Melaka,10,6043,2021-03-05
14,Wp Putrajaya,4,1084,2021-03-05
12,Terengganu,16,3249,2021-03-05
8,Kedah,9,7699,2021-03-05
10,Kelantan,57,5098,2021-03-05
15,Perlis,1,215,2021-03-05
11,Pahang,38,3886,2021-03-05
13,Wp Labuan,2,2255,2021-03-05
0,Selangor,826,103908,2021-03-06
1,Sabah,74,53387,2021-03-06
2,Johor,139,37843,2021-03-06
3,Wp Kuala Lumpur,81,35594,2021-03-06
4,Negeri Sembilan,89,16372,2021-03-06
6,Perak,68,11842,2021-03-06
7,Sarawak,221,10895,2021-03-06
5,Pulau Pinang,84,12309,2021-03-06
9,Melaka,10,6053,2021-03-06
10,Kelantan,35,5133,2021-03-06
11,Pahang,17,3903,2021-03-06
12,Terengganu,22,3271,2021-03-06
13,Wp Labuan,1,2256,2021-03-06
14,Wp Putrajaya,2,1086,2021-03-06
15,Perlis,0,215,2021-03-06
8,Kedah,11,7710,2021-03-06
6,Perak,48,11890,2021-03-07
5,Pulau Pinang,172,12481,2021-03-07
0,Selangor,746,104654,2021-03-07
1,Sabah,99,53486,2021-03-07
2,Johor,158,38001,2021-03-07
3,Wp Kuala Lumpur,125,35719,2021-03-07
4,Negeri Sembilan,48,16420,2021-03-07
13,Wp Labuan,8,2264,2021-03-07
8,Kedah,15,7725,2021-03-07
10,Kelantan,12,5145,2021-03-07
11,Pahang,12,3915,2021-03-07
12,Terengganu,10,3281,2021-03-07
14,Wp Putrajaya,2,1088,2021-03-07
7,Sarawak,201,11096,2021-03-07
15,Perlis,24,239,2021-03-07
9,Melaka,3,6056,2021-03-07
5,Pulau Pinang,76,12557,2021-03-08
9,Melaka,4,6060,2021-03-08
6,Perak,49,11939,2021-03-08
0,Selangor,726,105380,2021-03-08
1,Sabah,71,53557,2021-03-08
2,Johor,120,38121,2021-03-08
3,Wp Kuala Lumpur,71,35790,2021-03-08
7,Sarawak,252,11348,2021-03-08
12,Terengganu,13,3294,2021-03-08
11,Pahang,3,3918,2021-03-08
13,Wp Labuan,0,2264,2021-03-08
14,Wp Putrajaya,1,1089,2021-03-08
15,Perlis,17,256,2021-03-08
8,Kedah,9,7734,2021-03-08
10,Kelantan,28,5173,2021-03-08
4,Negeri Sembilan,89,16509,2021-03-08
7,Sarawak,163,11511,2021-03-09
0,Selangor,464,105844,2021-03-09
2,Johor,165,38286,2021-03-09
3,Wp Kuala Lumpur,119,35909,2021-03-09
4,Negeri Sembilan,45,16554,2021-03-09
5,Pulau Pinang,143,12700,2021-03-09
6,Perak,34,11973,2021-03-09
1,Sabah,64,53621,2021-03-09
8,Kedah,25,7759,2021-03-09
9,Melaka,0,6060,2021-03-09
10,Kelantan,16,5189,2021-03-09
11,Pahang,2,3920,2021-03-09
12,Terengganu,36,3330,2021-03-09
14,Wp Putrajaya,3,1092,2021-03-09
15,Perlis,1,257,2021-03-09
13,Wp Labuan,0,2264,2021-03-09
15,Perlis,7,264,2021-03-10
0,Selangor,561,106405,2021-03-10
1,Sabah,54,53675,2021-03-10
2,Johor,273,38559,2021-03-10
3,Wp Kuala Lumpur,103,36012,2021-03-10
4,Negeri Sembilan,10,16564,2021-03-10
6,Perak,83,12056,2021-03-10
5,Pulau Pinang,99,12799,2021-03-10
10,Kelantan,19,5208,2021-03-10
9,Melaka,11,6071,2021-03-10
11,Pahang,1,3921,2021-03-10
12,Terengganu,8,3338,2021-03-10
13,Wp Labuan,0,2264,2021-03-10
14,Wp Putrajaya,0,1092,2021-03-10
7,Sarawak,199,11710,2021-03-10
8,Kedah,20,7779,2021-03-10
3,Wp Kuala Lumpur,86,36098,2021-03-11
4,Negeri Sembilan,79,16643,2021-03-11
0,Selangor,712,107117,2021-03-11
6,Perak,69,12125,2021-03-11
1,Sabah,61,53736,2021-03-11
12,Terengganu,4,3342,2021-03-11
2,Johor,170,38729,2021-03-11
5,Pulau Pinang,169,12968,2021-03-11
13,Wp Labuan,1,2265,2021-03-11
10,Kelantan,28,5236,2021-03-11
9,Melaka,71,6142,2021-03-11
11,Pahang,7,3928,2021-03-11
7,Sarawak,168,11878,2021-03-11
15,Perlis,2,266,2021-03-11
14,Wp Putrajaya,2,1094,2021-03-11
8,Kedah,18,7797,2021-03-11
0,Selangor,751,107868,2021-03-12
1,Sabah,57,53793,2021-03-12
2,Johor,135,38864,2021-03-12
3,Wp Kuala Lumpur,108,36206,2021-03-12
4,Negeri Sembilan,32,16675,2021-03-12
6,Perak,44,12169,2021-03-12
7,Sarawak,173,12051,2021-03-12
5,Pulau Pinang,132,13100,2021-03-12
9,Melaka,25,6167,2021-03-12
10,Kelantan,43,5279,2021-03-12
11,Pahang,4,3932,2021-03-12
12,Terengganu,16,3358,2021-03-12
13,Wp Labuan,3,2268,2021-03-12
14,Wp Putrajaya,4,1098,2021-03-12
15,Perlis,25,291,2021-03-12
8,Kedah,23,7820,2021-03-12
6,Sarawak,222,12273,2021-03-13
5,Pulau Pinang,178,13278,2021-03-13
0,Selangor,551,108419,2021-03-13
1,Sabah,71,53864,2021-03-13
2,Johor,101,38965,2021-03-13
3,Wp Kuala Lumpur,158,36364,2021-03-13
4,Negeri Sembilan,6,16681,2021-03-13
13,Wp Labuan,1,2269,2021-03-13
8,Kedah,13,7833,2021-03-13
10,Kelantan,40,5319,2021-03-13
11,Pahang,8,3940,2021-03-13
12,Terengganu,14,3372,2021-03-13
14,Wp Putrajaya,4,1102,2021-03-13
15,Perlis,29,320,2021-03-13
7,Perak,72,12241,2021-03-13
9,Melaka,2,6169,2021-03-13
3,Wp Kuala Lumpur,55,36419,2021-03-14
5,Pulau Pinang,154,13432,2021-03-14
6,Sarawak,178,12451,2021-03-14
0,Selangor,577,108996,2021-03-14
1,Sabah,39,53903,2021-03-14
2,Johor,121,39086,2021-03-14
4,Negeri Sembilan,21,16702,2021-03-14
7,Perak,101,12342,2021-03-14
15,Perlis,0,320,2021-03-14
11,Pahang,5,3945,2021-03-14
12,Terengganu,37,3409,2021-03-14
13,Wp Labuan,1,2270,2021-03-14
14,Wp Putrajaya,2,1104,2021-03-14
8,Kedah,33,7866,2021-03-14
10,Kelantan,26,5345,2021-03-14
9,Melaka,4,6173,2021-03-14
7,Perak,37,12379,2021-03-15
0,Selangor,379,109375,2021-03-15
2,Johor,118,39204,2021-03-15
3,Wp Kuala Lumpur,61,36480,2021-03-15
4,Negeri Sembilan,80,16782,2021-03-15
5,Pulau Pinang,142,13574,2021-03-15
6,Sarawak,251,12702,2021-03-15
1,Sabah,29,53932,2021-03-15
8,Kedah,27,7893,2021-03-15
9,Melaka,2,6175,2021-03-15
10,Kelantan,25,5370,2021-03-15
11,Pahang,17,3962,2021-03-15
12,Terengganu,39,3448,2021-03-15
14,Wp Putrajaya,1,1105,2021-03-15
15,Perlis,0,320,2021-03-15
13,Wp Labuan,0,2270,2021-03-15
15,Perlis,0,320,2021-03-16
0,Selangor,323,109698,2021-03-16
1,Sabah,38,53970,2021-03-16
2,Johor,91,39295,2021-03-16
3,Wp Kuala Lumpur,86,36566,2021-03-16
4,Negeri Sembilan,17,16799,2021-03-16
6,Sarawak,183,12885,2021-03-16
5,Pulau Pinang,175,13749,2021-03-16
10,Kelantan,67,5437,2021-03-16
9,Melaka,1,6176,2021-03-16
11,Pahang,2,3964,2021-03-16
12,Terengganu,23,3471,2021-03-16
13,Wp Labuan,1,2271,2021-03-16
14,Wp Putrajaya,0,1105,2021-03-16
7,Perak,24,12403,2021-03-16
8,Kedah,32,7925,2021-03-16
3,Wp Kuala Lumpur,54,36620,2021-03-17
4,Negeri Sembilan,46,16845,2021-03-17
0,Selangor,499,110197,2021-03-17
6,Sarawak,225,13110,2021-03-17
1,Sabah,31,54001,2021-03-17
12,Terengganu,15,3486,2021-03-17
2,Johor,169,39464,2021-03-17
5,Pulau Pinang,69,13818,2021-03-17
13,Wp Labuan,1,2272,2021-03-17
10,Kelantan,19,5456,2021-03-17
9,Melaka,20,6196,2021-03-17
11,Pahang,3,3967,2021-03-17
7,Perak,36,12439,2021-03-17
15,Perlis,1,321,2021-03-17
14,Wp Putrajaya,5,1110,2021-03-17
8,Kedah,26,7951,2021-03-17
5,Pulau Pinang,104,13922,2021-03-18
0,Selangor,353,110550,2021-03-18
1,Sabah,73,54074,2021-03-18
2,Johor,142,39606,2021-03-18
3,Wp Kuala Lumpur,79,36699,2021-03-18
4,Negeri Sembilan,23,16868,2021-03-18
6,Sarawak,303,13413,2021-03-18
7,Perak,39,12478,2021-03-18
10,Kelantan,20,5476,2021-03-18
11,Pahang,14,3981,2021-03-18
12,Terengganu,15,3501,2021-03-18
13,Wp Labuan,2,2274,2021-03-18
14,Wp Putrajaya,0,1110,2021-03-18
15,Perlis,0,321,2021-03-18
8,Kedah,38,7989,2021-03-18
9,Melaka,8,6204,2021-03-18
6,Sarawak,407,13820,2021-03-19
13,Wp Labuan,2,2276,2021-03-19
0,Selangor,348,110898,2021-03-19
1,Sabah,33,54107,2021-03-19
2,Johor,137,39743,2021-03-19
3,Wp Kuala Lumpur,175,36874,2021-03-19
4,Negeri Sembilan,41,16909,2021-03-19
5,Pulau Pinang,182,14104,2021-03-19
9,Melaka,54,6258,2021-03-19
10,Kelantan,52,5528,2021-03-19
11,Pahang,13,3994,2021-03-19
12,Terengganu,6,3507,2021-03-19
14,Wp Putrajaya,1,1111,2021-03-19
15,Perlis,0,321,2021-03-19
7,Perak,100,12578,2021-03-19
8,Kedah,25,8014,2021-03-19
6,Sarawak,154,13974,2021-03-20
12,Terengganu,32,3539,2021-03-20
1,Sabah,102,54209,2021-03-20
2,Johor,130,39873,2021-03-20
0,Selangor,652,111550,2021-03-20
3,Wp Kuala Lumpur,78,36952,2021-03-20
4,Negeri Sembilan,25,16934,2021-03-20
5,Pulau Pinang,328,14432,2021-03-20
7,Perak,37,12615,2021-03-20
14,Wp Putrajaya,0,1111,2021-03-20
13,Wp Labuan,3,2279,2021-03-20
15,Perlis,0,321,2021-03-20
10,Kelantan,63,5591,2021-03-20
11,Pahang,3,3997,2021-03-20
9,Melaka,18,6276,2021-03-20
8,Kedah,46,8060,2021-03-20
9,Melaka,10,6286,2021-03-21
0,Selangor,356,111906,2021-03-21
1,Sabah,50,54259,2021-03-21
2,Johor,141,40014,2021-03-21
3,Wp Kuala Lumpur,115,37067,2021-03-21
5,Pulau Pinang,205,14637,2021-03-21
6,Sarawak,276,14250,2021-03-21
4,Negeri Sembilan,22,16956,2021-03-21
15,Perlis,5,326,2021-03-21
14,Wp Putrajaya,3,1114,2021-03-21
7,Perak,55,12670,2021-03-21
12,Terengganu,18,3557,2021-03-21
11,Pahang,11,4008,2021-03-21
10,Kelantan,30,5621,2021-03-21
13,Wp Labuan,0,2279,2021-03-21
8,Kedah,30,8090,2021-03-21
9,Melaka,12,6298,2021-03-22
8,Kedah,27,8117,2021-03-22
14,Wp Putrajaya,5,1119,2021-03-22
13,Wp Labuan,8,2287,2021-03-22
12,Terengganu,3,3560,2021-03-22
11,Pahang,42,4050,2021-03-22
10,Kelantan,44,5665,2021-03-22
15,Perlis,0,326,2021-03-22
7,Perak,39,12709,2021-03-22
4,Negeri Sembilan,41,16997,2021-03-22
3,Wp Kuala Lumpur,158,37225,2021-03-22
2,Johor,86,40100,2021-03-22
1,Sabah,36,54295,2021-03-22
0,Selangor,403,112309,2021-03-22
6,Sarawak,124,14374,2021-03-22
5,Pulau Pinang,88,14725,2021-03-22
0,Selangor,625,112934,2021-03-23
1,Sabah,60,54355,2021-03-23
2,Johor,161,40261,2021-03-23
3,Wp Kuala Lumpur,64,37289,2021-03-23
4,Negeri Sembilan,10,17007,2021-03-23
5,Pulau Pinang,100,14825,2021-03-23
6,Sarawak,140,14514,2021-03-23
7,Perak,4,12713,2021-03-23
8,Kedah,51,8168,2021-03-23
9,Melaka,45,6343,2021-03-23
10,Kelantan,65,5730,2021-03-23
11,Pahang,38,4088,2021-03-23
12,Terengganu,7,3567,2021-03-23
13,Wp Labuan,14,2301,2021-03-23
14,Wp Putrajaya,0,1119,2021-03-23
15,Perlis,0,326,2021-03-23
0,Selangor,490,113424,2021-03-24
1,Sabah,45,54400,2021-03-24
2,Johor,135,40396,2021-03-24
3,Wp Kuala Lumpur,53,37342,2021-03-24
4,Negeri Sembilan,59,17066,2021-03-24
5,Pulau Pinang,99,14924,2021-03-24
6,Sarawak,141,14655,2021-03-24
15,Perlis,0,326,2021-03-24
8,Kedah,49,8217,2021-03-24
9,Melaka,52,6395,2021-03-24
10,Kelantan,49,5779,2021-03-24
11,Pahang,43,4131,2021-03-24
12,Terengganu,4,3571,2021-03-24
13,Wp Labuan,1,2302,2021-03-24
14,Wp Putrajaya,6,1125,2021-03-24
7,Perak,42,12755,2021-03-24
5,Pulau Pinang,113,15037,2021-03-25
0,Selangor,356,113780,2021-03-25
1,Sabah,70,54470,2021-03-25
2,Johor,129,40525,2021-03-25
3,Wp Kuala Lumpur,98,37440,2021-03-25
4,Negeri Sembilan,49,17115,2021-03-25
6,Sarawak,308,14963,2021-03-25
7,Perak,71,12826,2021-03-25
8,Kedah,44,8261,2021-03-25
9,Melaka,32,6427,2021-03-25
10,Kelantan,63,5842,2021-03-25
11,Pahang,10,4141,2021-03-25
12,Terengganu,6,3577,2021-03-25
13,Wp Labuan,3,2305,2021-03-25
14,Wp Putrajaya,8,1133,2021-03-25
15,Perlis,0,326,2021-03-25
6,Pulau Pinang,137,15174,2021-03-26
0,Selangor,478,114258,2021-03-26
1,Sabah,51,54521,2021-03-26
2,Johor,120,40645,2021-03-26
3,Wp Kuala Lumpur,86,37526,2021-03-26
4,Negeri Sembilan,12,17127,2021-03-26
5,Sarawak,213,15176,2021-03-26
7,Perak,28,12854,2021-03-26
8,Kedah,27,8288,2021-03-26
10,Kelantan,86,5928,2021-03-26
11,Pahang,6,4147,2021-03-26
12,Terengganu,3,3580,2021-03-26
13,Wp Labuan,5,2310,2021-03-26
14,Wp Putrajaya,2,1135,2021-03-26
15,Perlis,2,328,2021-03-26
9,Melaka,19,6446,2021-03-26
0,Selangor,283,114541,2021-03-27
5,Sarawak,267,15443,2021-03-27
4,Negeri Sembilan,43,17170,2021-03-27
15,Perlis,0,328,2021-03-27
2,Johor,81,40726,2021-03-27
1,Sabah,64,54585,2021-03-27
6,Pulau Pinang,125,15299,2021-03-27
3,Wp Kuala Lumpur,84,37610,2021-03-27
8,Kedah,33,8321,2021-03-27
9,Melaka,36,6482,2021-03-27
14,Wp Putrajaya,1,1136,2021-03-27
13,Wp Labuan,2,2312,2021-03-27
7,Perak,9,12863,2021-03-27
11,Pahang,30,4177,2021-03-27
10,Kelantan,138,6066,2021-03-27
12,Terengganu,3,3583,2021-03-27
5,Sarawak,426,15869,2021-03-28
0,Selangor,256,114797,2021-03-28
1,Sabah,38,54623,2021-03-28
2,Johor,176,40902,2021-03-28
3,Wp Kuala Lumpur,58,37668,2021-03-28
4,Negeri Sembilan,9,17179,2021-03-28
6,Pulau Pinang,212,15511,2021-03-28
7,Perak,23,12886,2021-03-28
8,Kedah,23,8344,2021-03-28
9,Melaka,5,6487,2021-03-28
10,Kelantan,34,6100,2021-03-28
11,Pahang,32,4209,2021-03-28
12,Terengganu,2,3585,2021-03-28
13,Wp Labuan,6,2318,2021-03-28
14,Wp Putrajaya,2,1138,2021-03-28
15,Perlis,0,328,2021-03-28
2,Johor,171,41073,2021-03-29
6,Pulau Pinang,164,15675,2021-03-29
0,Selangor,219,115016,2021-03-29
1,Sabah,34,54657,2021-03-29
3,Wp Kuala Lumpur,57,37725,2021-03-29
4,Negeri Sembilan,18,17197,2021-03-29
5,Sarawak,192,16061,2021-03-29
7,Perak,5,12891,2021-03-29
8,Kedah,13,8357,2021-03-29
10,Kelantan,49,6149,2021-03-29
11,Pahang,5,4214,2021-03-29
12,Terengganu,4,3589,2021-03-29
14,Wp Putrajaya,1,1139,2021-03-29
15,Perlis,0,328,2021-03-29
9,Melaka,8,6495,2021-03-29
13,Wp Labuan,1,2319,2021-03-29
6,Pulau Pinang,194,15869,2021-03-30
15,Perlis,1,329,2021-03-30
0,Selangor,401,115417,2021-03-30
1,Sabah,41,54698,2021-03-30
2,Johor,96,41169,2021-03-30
3,Wp Kuala Lumpur,53,37778,2021-03-30
4,Negeri Sembilan,39,17236,2021-03-30
5,Sarawak,153,16214,2021-03-30
9,Melaka,6,6501,2021-03-30
11,Pahang,16,4230,2021-03-30
12,Terengganu,2,3591,2021-03-30
13,Wp Labuan,1,2320,2021-03-30
14,Wp Putrajaya,1,1140,2021-03-30
8,Kedah,41,8398,2021-03-30
7,Perak,44,12935,2021-03-30
10,Kelantan,44,6193,2021-03-30
5,Sarawak,176,16390,2021-03-31
0,Selangor,661,116078,2021-03-31
1,Sabah,69,54767,2021-03-31
2,Johor,86,41255,2021-03-31
3,Wp Kuala Lumpur,42,37820,2021-03-31
4,Negeri Sembilan,32,17268,2021-03-31
6,Pulau Pinang,200,16069,2021-03-31
7,Perak,31,12966,2021-03-31
8,Kedah,37,8435,2021-03-31
9,Melaka,41,6542,2021-03-31
10,Kelantan,57,6250,2021-03-31
11,Pahang,36,4266,2021-03-31
12,Terengganu,2,3593,2021-03-31
13,Wp Labuan,8,2328,2021-03-31
14,Wp Putrajaya,3,1143,2021-03-31
15,Perlis,1,330,2021-03-31
6,Pulau Pinang,190,16259,2021-04-01
0,Selangor,237,116315,2021-04-01
1,Sabah,86,54853,2021-04-01
2,Johor,165,41420,2021-04-01
3,Wp Kuala Lumpur,101,37921,2021-04-01
4,Negeri Sembilan,34,17302,2021-04-01
5,Sarawak,238,16628,2021-04-01
7,Perak,31,12997,2021-04-01
8,Kedah,32,8467,2021-04-01
10,Kelantan,27,6277,2021-04-01
11,Pahang,14,4280,2021-04-01
12,Terengganu,6,3599,2021-04-01
13,Wp Labuan,7,2335,2021-04-01
14,Wp Putrajaya,1,1144,2021-04-01
15,Perlis,0,330,2021-04-01
9,Melaka,9,6551,2021-04-01
0,Selangor,455,116770,2021-04-02
5,Sarawak,217,16845,2021-04-02
4,Negeri Sembilan,31,17333,2021-04-02
15,Perlis,1,331,2021-04-02
2,Johor,103,41523,2021-04-02
1,Sabah,63,54916,2021-04-02
6,Pulau Pinang,139,16398,2021-04-02
3,Wp Kuala Lumpur,88,38009,2021-04-02
8,Kedah,21,8488,2021-04-02
9,Melaka,22,6573,2021-04-02
14,Wp Putrajaya,5,1149,2021-04-02
13,Wp Labuan,4,2339,2021-04-02
7,Perak,14,13011,2021-04-02
11,Pahang,57,4337,2021-04-02
10,Kelantan,66,6343,2021-04-02
12,Terengganu,8,3607,2021-04-02
7,Perak,494,13505,2021-04-03
5,Sarawak,290,17135,2021-04-03
0,Selangor,352,117122,2021-04-03
1,Sabah,73,54989,2021-04-03
2,Johor,83,41606,2021-04-03
4,Negeri Sembilan,25,17358,2021-04-03
6,Pulau Pinang,92,16490,2021-04-03
3,Wp Kuala Lumpur,67,38076,2021-04-03
8,Kedah,20,8508,2021-04-03
9,Melaka,20,6593,2021-04-03
11,Pahang,35,4372,2021-04-03
12,Terengganu,4,3611,2021-04-03
13,Wp Labuan,12,2351,2021-04-03
14,Wp Putrajaya,7,1156,2021-04-03
15,Perlis,0,331,2021-04-03
10,Kelantan,64,6407,2021-04-03
6,Pulau Pinang,185,16675,2021-04-04
7,Perak,24,13529,2021-04-04
0,Selangor,343,117465,2021-04-04
2,Johor,95,41701,2021-04-04
3,Wp Kuala Lumpur,73,38149,2021-04-04
4,Sarawak,419,17554,2021-04-04
5,Negeri Sembilan,20,17378,2021-04-04
1,Sabah,68,55057,2021-04-04
15,Perlis,1,332,2021-04-04
10,Kelantan,18,6425,2021-04-04
11,Pahang,11,4383,2021-04-04
12,Terengganu,6,3617,2021-04-04
13,Wp Labuan,22,2373,2021-04-04
14,Wp Putrajaya,17,1173,2021-04-04
9,Melaka,15,6608,2021-04-04
8,Kedah,32,8540,2021-04-04
0,Selangor,327,117792,2021-04-05
5,Negeri Sembilan,12,17390,2021-04-05
4,Sarawak,225,17779,2021-04-05
15,Perlis,2,334,2021-04-05
2,Johor,55,41756,2021-04-05
3,Wp Kuala Lumpur,88,38237,2021-04-05
6,Pulau Pinang,133,16808,2021-04-05
1,Sabah,65,55122,2021-04-05
8,Kedah,34,8574,2021-04-05
9,Melaka,25,6633,2021-04-05
14,Wp Putrajaya,8,1181,2021-04-05
13,Wp Labuan,17,2390,2021-04-05
10,Kelantan,31,6456,2021-04-05
11,Pahang,37,4420,2021-04-05
7,Perak,8,13537,2021-04-05
12,Terengganu,3,3620,2021-04-05
5,Negeri Sembilan,14,17404,2021-04-06
0,Selangor,242,118034,2021-04-06
1,Sabah,112,55234,2021-04-06
2,Johor,98,41854,2021-04-06
3,Wp Kuala Lumpur,87,38324,2021-04-06
4,Sarawak,385,18164,2021-04-06
6,Pulau Pinang,110,16918,2021-04-06
7,Perak,61,13598,2021-04-06
8,Kedah,27,8601,2021-04-06
9,Melaka,7,6640,2021-04-06
10,Kelantan,126,6582,2021-04-06
11,Pahang,11,4431,2021-04-06
12,Terengganu,9,3629,2021-04-06
13,Wp Labuan,8,2398,2021-04-06
14,Wp Putrajaya,3,1184,2021-04-06
15,Perlis,0,334,2021-04-06
2,Johor,102,41956,2021-04-07
6,Pulau Pinang,93,17011,2021-04-07
0,Selangor,294,118328,2021-04-07
1,Sabah,60,55294,2021-04-07
3,Wp Kuala Lumpur,84,38408,2021-04-07
4,Sarawak,332,18496,2021-04-07
5,Negeri Sembilan,30,17434,2021-04-07
7,Perak,24,13622,2021-04-07
8,Kedah,35,8636,2021-04-07
10,Kelantan,38,6620,2021-04-07
11,Pahang,23,4454,2021-04-07
12,Terengganu,10,3639,2021-04-07
14,Wp Putrajaya,0,1184,2021-04-07
15,Perlis,0,334,2021-04-07
9,Melaka,13,6653,2021-04-07
13,Wp Labuan,1,2399,2021-04-07
2,Johor,101,42057,2021-04-08
15,Perlis,1,335,2021-04-08
4,Sarawak,211,18707,2021-04-08
3,Wp Kuala Lumpur,120,38528,2021-04-08
6,Pulau Pinang,162,17173,2021-04-08
1,Sabah,106,55400,2021-04-08
0,Selangor,374,118702,2021-04-08
5,Negeri Sembilan,12,17446,2021-04-08
9,Kelantan,87,6707,2021-04-08
11,Pahang,12,4466,2021-04-08
7,Perak,24,13646,2021-04-08
8,Kedah,31,8667,2021-04-08
10,Melaka,11,6664,2021-04-08
13,Wp Labuan,3,2402,2021-04-08
12,Terengganu,11,3650,2021-04-08
14,Wp Putrajaya,19,1203,2021-04-08
7,Perak,29,13675,2021-04-09
5,Negeri Sembilan,40,17486,2021-04-09
0,Selangor,403,119105,2021-04-09
1,Sabah,139,55539,2021-04-09
2,Johor,103,42160,2021-04-09
4,Sarawak,555,19262,2021-04-09
6,Pulau Pinang,176,17349,2021-04-09
3,Wp Kuala Lumpur,135,38663,2021-04-09
8,Kedah,40,8707,2021-04-09
9,Kelantan,143,6850,2021-04-09
11,Pahang,19,4485,2021-04-09
12,Terengganu,29,3679,2021-04-09
13,Wp Labuan,3,2405,2021-04-09
14,Wp Putrajaya,6,1209,2021-04-09
15,Perlis,0,335,2021-04-09
10,Melaka,34,6698,2021-04-09
6,Pulau Pinang,101,17450,2021-04-10
7,Perak,46,13721,2021-04-10
1,Sabah,131,55670,2021-04-10
0,Selangor,415,119520,2021-04-10
3,Wp Kuala Lumpur,106,38769,2021-04-10
4,Sarawak,296,19558,2021-04-10
5,Negeri Sembilan,28,17514,2021-04-10
2,Johor,80,42240,2021-04-10
13,Wp Labuan,2,2407,2021-04-10
10,Melaka,6,6704,2021-04-10
11,Pahang,13,4498,2021-04-10
12,Terengganu,44,3723,2021-04-10
15,Perlis,2,337,2021-04-10
14,Wp Putrajaya,10,1219,2021-04-10
8,Kedah,59,8766,2021-04-10
9,Kelantan,171,7021,2021-04-10
15,Perlis,0,337,2021-04-11
6,Negeri Sembilan,40,17554,2021-04-11
0,Selangor,535,120055,2021-04-11
1,Sabah,127,55797,2021-04-11
2,Johor,67,42307,2021-04-11
3,Wp Kuala Lumpur,96,38865,2021-04-11
4,Sarawak,443,20001,2021-04-11
5,Pulau Pinang,113,17563,2021-04-11
9,Kelantan,98,7119,2021-04-11
11,Pahang,22,4520,2021-04-11
12,Terengganu,34,3757,2021-04-11
13,Wp Labuan,4,2411,2021-04-11
14,Wp Putrajaya,11,1230,2021-04-11
7,Perak,50,13771,2021-04-11
8,Kedah,40,8806,2021-04-11
10,Melaka,59,6763,2021-04-11
5,Pulau Pinang,112,17675,2021-04-12
0,Selangor,303,120358,2021-04-12
1,Sabah,109,55906,2021-04-12
2,Johor,61,42368,2021-04-12
3,Wp Kuala Lumpur,116,38981,2021-04-12
4,Sarawak,351,20352,2021-04-12
6,Negeri Sembilan,63,17617,2021-04-12
7,Perak,21,13792,2021-04-12
8,Kedah,47,8853,2021-04-12
9,Kelantan,58,7177,2021-04-12
10,Melaka,11,6774,2021-04-12
11,Pahang,32,4552,2021-04-12
12,Terengganu,22,3779,2021-04-12
13,Wp Labuan,0,2411,2021-04-12
14,Wp Putrajaya,9,1239,2021-04-12
15,Perlis,2,339,2021-04-12
6,Negeri Sembilan,29,17646,2021-04-13
0,Selangor,483,120841,2021-04-13
1,Sabah,117,56023,2021-04-13
2,Johor,74,42442,2021-04-13
3,Wp Kuala Lumpur,133,39114,2021-04-13
4,Sarawak,607,20959,2021-04-13
5,Pulau Pinang,92,17767,2021-04-13
7,Perak,36,13828,2021-04-13
8,Kedah,39,8892,2021-04-13
10,Melaka,17,6791,2021-04-13
11,Pahang,14,4566,2021-04-13
12,Terengganu,13,3792,2021-04-13
13,Wp Labuan,3,2414,2021-04-13
14,Wp Putrajaya,7,1246,2021-04-13
15,Perlis,0,339,2021-04-13
9,Kelantan,103,7280,2021-04-13
0,Selangor,517,121358,2021-04-14
5,Pulau Pinang,92,17859,2021-04-14
4,Sarawak,489,21448,2021-04-14
15,Perlis,3,342,2021-04-14
2,Johor,84,42526,2021-04-14
1,Sabah,142,56165,2021-04-14
6,Negeri Sembilan,51,17697,2021-04-14
3,Wp Kuala Lumpur,134,39248,2021-04-14
8,Kedah,53,8945,2021-04-14
9,Kelantan,226,7506,2021-04-14
14,Wp Putrajaya,8,1254,2021-04-14
13,Wp Labuan,1,2415,2021-04-14
7,Perak,56,13884,2021-04-14
11,Pahang,13,4579,2021-04-14
10,Melaka,6,6797,2021-04-14
12,Terengganu,14,3806,2021-04-14
15,Perlis,1,343,2021-04-15
5,Pulau Pinang,134,17993,2021-04-15
0,Selangor,459,121817,2021-04-15
1,Sabah,202,56367,2021-04-15
2,Johor,182,42708,2021-04-15
4,Sarawak,512,21960,2021-04-15
6,Negeri Sembilan,34,17731,2021-04-15
3,Wp Kuala Lumpur,171,39419,2021-04-15
8,Kedah,26,8971,2021-04-15
9,Kelantan,221,7727,2021-04-15
11,Pahang,34,4613,2021-04-15
12,Terengganu,57,3863,2021-04-15
13,Wp Labuan,3,2418,2021-04-15
14,Wp Putrajaya,8,1262,2021-04-15
7,Perak,51,13935,2021-04-15
10,Melaka,53,6850,2021-04-15
6,Negeri Sembilan,53,17784,2021-04-16
7,Perak,49,13984,2021-04-16
0,Selangor,590,122407,2021-04-16
2,Johor,121,42829,2021-04-16
3,Wp Kuala Lumpur,245,39664,2021-04-16
4,Sarawak,960,22920,2021-04-16
5,Pulau Pinang,91,18084,2021-04-16
1,Sabah,143,56510,2021-04-16
15,Perlis,2,345,2021-04-16
10,Melaka,28,6878,2021-04-16
11,Pahang,47,4660,2021-04-16
12,Terengganu,16,3879,2021-04-16
13,Wp Labuan,1,2419,2021-04-16
14,Wp Putrajaya,6,1268,2021-04-16
9,Kelantan,164,7891,2021-04-16
8,Kedah,35,9006,2021-04-16
5,Pulau Pinang,116,18200,2021-04-17
0,Selangor,751,123158,2021-04-17
1,Sabah,163,56673,2021-04-17
2,Johor,100,42929,2021-04-17
3,Wp Kuala Lumpur,252,39916,2021-04-17
4,Sarawak,512,23432,2021-04-17
6,Negeri Sembilan,89,17873,2021-04-17
15,Perlis,1,346,2021-04-17
8,Kedah,45,9051,2021-04-17
9,Kelantan,225,8116,2021-04-17
11,Pahang,20,4680,2021-04-17
12,Terengganu,0,3879,2021-04-17
13,Wp Labuan,2,2421,2021-04-17
14,Wp Putrajaya,4,1272,2021-04-17
7,Perak,42,14026,2021-04-17
10,Melaka,9,6887,2021-04-17
5,Pulau Pinang,84,18284,2021-04-18
0,Selangor,431,123589,2021-04-18
1,Sabah,112,56785,2021-04-18
2,Johor,387,43316,2021-04-18
3,Wp Kuala Lumpur,176,40092,2021-04-18
4,Sarawak,508,23940,2021-04-18
6,Negeri Sembilan,42,17915,2021-04-18
7,Perak,35,14061,2021-04-18
8,Kedah,30,9081,2021-04-18
9,Kelantan,332,8448,2021-04-18
10,Melaka,15,6902,2021-04-18
11,Pahang,15,4695,2021-04-18
12,Terengganu,16,3895,2021-04-18
13,Wp Labuan,6,2427,2021-04-18
14,Wp Putrajaya,3,1275,2021-04-18
15,Perlis,3,349,2021-04-18
6,Negeri Sembilan,91,18006,2021-04-19
0,Selangor,457,124046,2021-04-19
1,Sabah,125,56910,2021-04-19
2,Johor,115,43431,2021-04-19
3,Wp Kuala Lumpur,153,40245,2021-04-19
4,Sarawak,589,24529,2021-04-19
5,Pulau Pinang,91,18375,2021-04-19
7,Perak,43,14104,2021-04-19
8,Kedah,48,9129,2021-04-19
10,Melaka,27,6929,2021-04-19
11,Pahang,32,4727,2021-04-19
12,Terengganu,8,3903,2021-04-19
13,Wp Labuan,6,2433,2021-04-19
14,Wp Putrajaya,2,1277,2021-04-19
15,Perlis,1,350,2021-04-19
9,Kelantan,290,8738,2021-04-19
0,Selangor,539,124585,2021-04-20
5,Pulau Pinang,92,18467,2021-04-20
4,Sarawak,600,25129,2021-04-20
15,Perlis,3,353,2021-04-20
2,Johor,102,43533,2021-04-20
3,Wp Kuala Lumpur,344,40589,2021-04-20
6,Negeri Sembilan,17,18023,2021-04-20
1,Sabah,82,56992,2021-04-20
8,Kedah,44,9173,2021-04-20
9,Kelantan,429,9167,2021-04-20
14,Wp Putrajaya,3,1280,2021-04-20
13,Wp Labuan,1,2434,2021-04-20
10,Melaka,19,6948,2021-04-20
11,Pahang,17,4744,2021-04-20
7,Perak,34,14138,2021-04-20
12,Terengganu,15,3918,2021-04-20
7,Perak,38,14176,2021-04-21
5,Pulau Pinang,111,18578,2021-04-21
0,Selangor,526,125111,2021-04-21
1,Sabah,172,57164,2021-04-21
2,Johor,170,43703,2021-04-21
4,Sarawak,429,25558,2021-04-21
6,Negeri Sembilan,24,18047,2021-04-21
3,Wp Kuala Lumpur,291,40880,2021-04-21
8,Kelantan,370,9537,2021-04-21
9,Kedah,55,9228,2021-04-21
11,Pahang,81,4825,2021-04-21
12,Terengganu,1,3919,2021-04-21
13,Wp Labuan,2,2436,2021-04-21
14,Wp Putrajaya,6,1286,2021-04-21
15,Perlis,1,354,2021-04-21
10,Melaka,63,7011,2021-04-21
6,Negeri Sembilan,55,18102,2021-04-22
7,Perak,49,14225,2021-04-22
0,Selangor,633,125744,2021-04-22
2,Johor,169,43872,2021-04-22
3,Wp Kuala Lumpur,332,41212,2021-04-22
4,Sarawak,474,26032,2021-04-22
5,Pulau Pinang,144,18722,2021-04-22
1,Sabah,160,57324,2021-04-22
15,Perlis,0,354,2021-04-22
10,Melaka,42,7053,2021-04-22
11,Pahang,29,4854,2021-04-22
12,Terengganu,22,3941,2021-04-22
13,Wp Labuan,3,2439,2021-04-22
14,Wp Putrajaya,10,1296,2021-04-22
9,Kedah,91,9319,2021-04-22
8,Kelantan,662,10199,2021-04-22
0,Selangor,748,126492,2021-04-23
5,Pulau Pinang,89,18811,2021-04-23
4,Sarawak,717,26749,2021-04-23
15,Perlis,0,354,2021-04-23
2,Johor,130,44002,2021-04-23
3,Wp Kuala Lumpur,302,41514,2021-04-23
6,Negeri Sembilan,105,18207,2021-04-23
1,Sabah,82,57406,2021-04-23
8,Kelantan,476,10675,2021-04-23
9,Kedah,44,9363,2021-04-23
14,Wp Putrajaya,14,1310,2021-04-23
13,Wp Labuan,3,2442,2021-04-23
10,Melaka,42,7095,2021-04-23
11,Pahang,39,4893,2021-04-23
7,Perak,45,14270,2021-04-23
12,Terengganu,11,3952,2021-04-23
5,Pulau Pinang,134,18945,2021-04-24
0,Selangor,768,127260,2021-04-24
1,Sabah,132,57538,2021-04-24
2,Johor,126,44128,2021-04-24
3,Wp Kuala Lumpur,240,41754,2021-04-24
4,Sarawak,570,27319,2021-04-24
6,Negeri Sembilan,27,18234,2021-04-24
7,Perak,54,14324,2021-04-24
8,Kelantan,518,11193,2021-04-24
9,Kedah,34,9397,2021-04-24
10,Melaka,30,7125,2021-04-24
11,Pahang,22,4915,2021-04-24
12,Terengganu,50,4002,2021-04-24
13,Wp Labuan,0,2442,2021-04-24
14,Wp Putrajaya,11,1321,2021-04-24
15,Perlis,1,355,2021-04-24
2,Johor,159,44287,2021-04-25
6,Negeri Sembilan,57,18291,2021-04-25
0,Selangor,751,128011,2021-04-25
1,Sabah,121,57659,2021-04-25
3,Wp Kuala Lumpur,217,41971,2021-04-25
4,Sarawak,595,27914,2021-04-25
5,Pulau Pinang,117,19062,2021-04-25
7,Perak,64,14388,2021-04-25
8,Kelantan,424,11617,2021-04-25
10,Melaka,42,7167,2021-04-25
11,Pahang,33,4948,2021-04-25
12,Terengganu,25,4027,2021-04-25
14,Wp Putrajaya,5,1326,2021-04-25
15,Perlis,1,356,2021-04-25
9,Kedah,76,9473,2021-04-25
13,Wp Labuan,3,2445,2021-04-25
2,Johor,309,44596,2021-04-26
15,Perlis,0,356,2021-04-26
4,Sarawak,615,28529,2021-04-26
3,Wp Kuala Lumpur,254,42225,2021-04-26
6,Negeri Sembilan,112,18403,2021-04-26
1,Sabah,88,57747,2021-04-26
0,Selangor,762,128773,2021-04-26
5,Pulau Pinang,123,19185,2021-04-26
9,Kedah,39,9512,2021-04-26
11,Pahang,34,4982,2021-04-26
7,Perak,45,14433,2021-04-26
8,Kelantan,343,11960,2021-04-26
10,Melaka,34,7201,2021-04-26
13,Wp Labuan,2,2447,2021-04-26
12,Terengganu,9,4036,2021-04-26
14,Wp Putrajaya,7,1333,2021-04-26
15,Perlis,1,357,2021-04-27
5,Pulau Pinang,115,19300,2021-04-27
0,Selangor,750,129523,2021-04-27
1,Sabah,82,57829,2021-04-27
2,Johor,220,44816,2021-04-27
4,Sarawak,432,28961,2021-04-27
6,Negeri Sembilan,39,18442,2021-04-27
3,Wp Kuala Lumpur,377,42602,2021-04-27
8,Kelantan,484,12444,2021-04-27
9,Kedah,51,9563,2021-04-27
11,Pahang,35,5017,2021-04-27
12,Terengganu,61,4097,2021-04-27
13,Wp Labuan,0,2447,2021-04-27
14,Wp Putrajaya,15,1348,2021-04-27
7,Perak,38,14471,2021-04-27
10,Melaka,33,7234,2021-04-27
6,Negeri Sembilan,61,18503,2021-04-28
7,Perak,69,14540,2021-04-28
0,Selangor,1019,130542,2021-04-28
2,Johor,194,45010,2021-04-28
3,Wp Kuala Lumpur,440,43042,2021-04-28
4,Sarawak,416,29377,2021-04-28
5,Pulau Pinang,98,19398,2021-04-28
1,Sabah,87,57916,2021-04-28
15,Perlis,1,358,2021-04-28
10,Melaka,42,7276,2021-04-28
11,Pahang,15,5032,2021-04-28
12,Terengganu,40,4137,2021-04-28
13,Wp Labuan,4,2451,2021-04-28
14,Wp Putrajaya,13,1361,2021-04-28
9,Kedah,120,9683,2021-04-28
8,Kelantan,523,12967,2021-04-28
5,Pulau Pinang,158,19556,2021-04-29
0,Selangor,1083,131625,2021-04-29
1,Sabah,131,58047,2021-04-29
2,Johor,207,45217,2021-04-29
3,Wp Kuala Lumpur,359,43401,2021-04-29
6,Negeri Sembilan,111,18614,2021-04-29
10,Melaka,43,7319,2021-04-29
4,Sarawak,522,29899,2021-04-29
8,Kelantan,401,13368,2021-04-29
7,Perak,91,14631,2021-04-29
11,Pahang,92,5124,2021-04-29
12,Terengganu,19,4156,2021-04-29
13,Wp Labuan,0,2451,2021-04-29
14,Wp Putrajaya,9,1370,2021-04-29
9,Kedah,105,9788,2021-04-29
15,Perlis,1,359,2021-04-29
5,Pulau Pinang,250,19806,2021-04-30
0,Selangor,1265,132890,2021-04-30
1,Sabah,89,58136,2021-04-30
2,Johor,160,45377,2021-04-30
3,Wp Kuala Lumpur,255,43656,2021-04-30
4,Sarawak,760,30659,2021-04-30
6,Negeri Sembilan,136,18750,2021-04-30
7,Perak,118,14749,2021-04-30
8,Kelantan,464,13832,2021-04-30
9,Kedah,136,9924,2021-04-30
10,Melaka,55,7374,2021-04-30
11,Pahang,54,5178,2021-04-30
12,Terengganu,37,4193,2021-04-30
13,Wp Labuan,2,2453,2021-04-30
14,Wp Putrajaya,2,1372,2021-04-30
15,Perlis,5,364,2021-04-30
6,Negeri Sembilan,89,18839,2021-05-01
0,Selangor,759,133649,2021-05-01
1,Sabah,64,58200,2021-05-01
2,Johor,310,45687,2021-05-01
3,Wp Kuala Lumpur,315,43971,2021-05-01
4,Sarawak,445,31104,2021-05-01
5,Pulau Pinang,133,19939,2021-05-01
7,Perak,64,14813,2021-05-01
8,Kelantan,442,14274,2021-05-01
10,Melaka,54,7428,2021-05-01
11,Pahang,47,5225,2021-05-01
12,Terengganu,42,4235,2021-05-01
13,Wp Labuan,3,2456,2021-05-01
14,Wp Putrajaya,3,1375,2021-05-01
15,Perlis,0,364,2021-05-01
9,Kedah,111,10035,2021-05-01
2,Johor,213,45900,2021-05-02
4,Sarawak,587,31691,2021-05-02
3,Wp Kuala Lumpur,198,44169,2021-05-02
6,Negeri Sembilan,73,18912,2021-05-02
1,Sabah,115,58315,2021-05-02
0,Selangor,1200,134849,2021-05-02
5,Pulau Pinang,145,20084,2021-05-02
15,Perlis,4,368,2021-05-02
8,Kelantan,400,14674,2021-05-02
10,Melaka,61,7489,2021-05-02
7,Perak,77,14890,2021-05-02
14,Wp Putrajaya,8,1383,2021-05-02
9,Kedah,101,10136,2021-05-02
12,Terengganu,184,4419,2021-05-02
11,Pahang,45,5270,2021-05-02
13,Wp Labuan,7,2463,2021-05-02
15,Perlis,0,368,2021-05-03
5,Pulau Pinang,194,20278,2021-05-03
0,Selangor,637,135486,2021-05-03
1,Sabah,57,58372,2021-05-03
2,Johor,205,46105,2021-05-03
4,Sarawak,356,32047,2021-05-03
6,Negeri Sembilan,97,19009,2021-05-03
3,Wp Kuala Lumpur,200,44369,2021-05-03
8,Perak,59,14949,2021-05-03
9,Kedah,103,10239,2021-05-03
11,Pahang,55,5325,2021-05-03
12,Terengganu,38,4457,2021-05-03
13,Wp Labuan,0,2463,2021-05-03
14,Wp Putrajaya,3,1386,2021-05-03
7,Kelantan,401,15075,2021-05-03
10,Melaka,95,7584,2021-05-03
6,Negeri Sembilan,95,19104,2021-05-04
7,Kelantan,296,15371,2021-05-04
1,Sabah,89,58461,2021-05-04
0,Selangor,675,136161,2021-05-04
3,Wp Kuala Lumpur,408,44777,2021-05-04
4,Sarawak,620,32667,2021-05-04
5,Pulau Pinang,167,20445,2021-05-04
2,Johor,336,46441,2021-05-04
13,Wp Labuan,5,2468,2021-05-04
10,Melaka,52,7636,2021-05-04
11,Pahang,41,5366,2021-05-04
12,Terengganu,53,4510,2021-05-04
15,Perlis,0,368,2021-05-04
14,Wp Putrajaya,11,1397,2021-05-04
8,Perak,117,15066,2021-05-04
9,Kedah,155,10394,2021-05-04
15,Perlis,1,369,2021-05-05
6,Negeri Sembilan,76,19180,2021-05-05
0,Selangor,1548,137709,2021-05-05
1,Sabah,50,58511,2021-05-05
2,Johor,292,46733,2021-05-05
3,Wp Kuala Lumpur,313,45090,2021-05-05
4,Sarawak,419,33086,2021-05-05
5,Pulau Pinang,195,20640,2021-05-05
9,Kedah,124,10518,2021-05-05
11,Pahang,49,5415,2021-05-05
12,Terengganu,73,4583,2021-05-05
13,Wp Labuan,5,2473,2021-05-05
14,Wp Putrajaya,11,1408,2021-05-05
7,Kelantan,480,15851,2021-05-05
8,Perak,65,15131,2021-05-05
10,Melaka,43,7679,2021-05-05
5,Pulau Pinang,305,20945,2021-05-06
0,Selangor,1137,138846,2021-05-06
1,Sabah,69,58580,2021-05-06
2,Johor,258,46991,2021-05-06
3,Wp Kuala Lumpur,477,45567,2021-05-06
4,Sarawak,391,33477,2021-05-06
6,Negeri Sembilan,85,19265,2021-05-06
15,Perlis,3,372,2021-05-06
8,Perak,137,15268,2021-05-06
9,Kedah,112,10630,2021-05-06
10,Melaka,82,7761,2021-05-06
11,Pahang,97,5512,2021-05-06
12,Terengganu,58,4641,2021-05-06
13,Wp Labuan,2,2475,2021-05-06
14,Wp Putrajaya,12,1420,2021-05-06
7,Kelantan,326,16177,2021-05-06
6,Negeri Sembilan,188,19453,2021-05-07
0,Selangor,1424,140270,2021-05-07
1,Sabah,153,58733,2021-05-07
2,Johor,327,47318,2021-05-07
3,Wp Kuala Lumpur,436,46003,2021-05-07
4,Sarawak,750,34227,2021-05-07
5,Pulau Pinang,313,21258,2021-05-07
7,Kelantan,297,16474,2021-05-07
9,Kedah,209,10839,2021-05-07
11,Pahang,78,5590,2021-05-07
12,Terengganu,87,4728,2021-05-07
13,Wp Labuan,2,2477,2021-05-07
14,Wp Putrajaya,8,1428,2021-05-07
15,Perlis,4,376,2021-05-07
8,Perak,148,15416,2021-05-07
10,Melaka,74,7835,2021-05-07
5,Pulau Pinang,363,21621,2021-05-08
0,Selangor,1722,141992,2021-05-08
1,Sabah,63,58796,2021-05-08
6,Negeri Sembilan,98,19551,2021-05-08
3,Wp Kuala Lumpur,557,46560,2021-05-08
4,Sarawak,479,34706,2021-05-08
7,Kelantan,373,16847,2021-05-08
2,Johor,288,47606,2021-05-08
9,Kedah,183,11022,2021-05-08
11,Pahang,99,5689,2021-05-08
12,Terengganu,71,4799,2021-05-08
14,Wp Putrajaya,12,1440,2021-05-08
13,Wp Labuan,2,2479,2021-05-08
15,Perlis,1,377,2021-05-08
8,Perak,108,15524,2021-05-08
10,Melaka,100,7935,2021-05-08
0,Selangor,1278,143270,2021-05-09
1,Sabah,61,58857,2021-05-09
2,Johor,365,47971,2021-05-09
3,Wp Kuala Lumpur,338,46898,2021-05-09
4,Sarawak,454,35160,2021-05-09
5,Pulau Pinang,280,21901,2021-05-09
6,Negeri Sembilan,205,19756,2021-05-09
7,Kelantan,254,17101,2021-05-09
8,Perak,80,15604,2021-05-09
9,Kedah,176,11198,2021-05-09
10,Melaka,66,8001,2021-05-09
11,Pahang,100,5789,2021-05-09
12,Terengganu,49,4848,2021-05-09
13,Wp Labuan,6,2485,2021-05-09
14,Wp Putrajaya,20,1460,2021-05-09
15,Perlis,1,378,2021-05-09
6,Negeri Sembilan,144,19900,2021-05-10
0,Selangor,1149,144419,2021-05-10
1,Sabah,96,58953,2021-05-10
2,Johor,257,48228,2021-05-10
3,Wp Kuala Lumpur,320,47218,2021-05-10
4,Sarawak,649,35809,2021-05-10
5,Pulau Pinang,245,22146,2021-05-10
15,Perlis,3,381,2021-05-10
8,Perak,119,15723,2021-05-10
10,Melaka,88,8089,2021-05-10
11,Pahang,77,5866,2021-05-10
12,Terengganu,93,4941,2021-05-10
13,Wp Labuan,3,2488,2021-05-10
14,Wp Putrajaya,11,1471,2021-05-10
7,Kelantan,329,17430,2021-05-10
9,Kedah,224,11422,2021-05-10
6,Negeri Sembilan,126,20026,2021-05-11
5,Pulau Pinang,187,22333,2021-05-11
0,Selangor,1328,145747,2021-05-11
1,Sabah,50,59003,2021-05-11
2,Johor,384,48612,2021-05-11
3,Wp Kuala Lumpur,483,47701,2021-05-11
4,Sarawak,512,36321,2021-05-11
7,Kelantan,321,17751,2021-05-11
8,Perak,140,15863,2021-05-11
10,Melaka,79,8168,2021-05-11
11,Pahang,85,5951,2021-05-11
12,Terengganu,93,5034,2021-05-11
13,Wp Labuan,3,2491,2021-05-11
14,Wp Putrajaya,8,1479,2021-05-11
15,Perlis,0,381,2021-05-11
9,Kedah,174,11596,2021-05-11
7,Kelantan,297,18048,2021-05-12
0,Selangor,2082,147829,2021-05-12
1,Sabah,70,59073,2021-05-12
2,Johor,348,48960,2021-05-12
3,Wp Kuala Lumpur,540,48241,2021-05-12
4,Sarawak,405,36726,2021-05-12
5,Pulau Pinang,259,22592,2021-05-12
6,Negeri Sembilan,122,20148,2021-05-12
9,Kedah,226,11822,2021-05-12
10,Melaka,110,8278,2021-05-12
11,Pahang,63,6014,2021-05-12
12,Terengganu,60,5094,2021-05-12
13,Wp Labuan,6,2497,2021-05-12
14,Wp Putrajaya,4,1483,2021-05-12
15,Perlis,1,382,2021-05-12
8,Perak,172,16035,2021-05-12
6,Negeri Sembilan,100,20248,2021-05-13
15,Perlis,0,382,2021-05-13
1,Sabah,76,59149,2021-05-13
2,Johor,467,49427,2021-05-13
3,Wp Kuala Lumpur,521,48762,2021-05-13
4,Sarawak,395,37121,2021-05-13
5,Pulau Pinang,395,22987,2021-05-13
0,Selangor,1783,149612,2021-05-13
9,Kedah,193,12015,2021-05-13
10,Melaka,67,8345,2021-05-13
11,Pahang,56,6070,2021-05-13
12,Terengganu,148,5242,2021-05-13
13,Wp Labuan,4,2501,2021-05-13
14,Wp Putrajaya,9,1492,2021-05-13
7,Kelantan,339,18387,2021-05-13
8,Perak,302,16337,2021-05-13
6,Negeri Sembilan,124,20372,2021-05-14
5,Pulau Pinang,266,23253,2021-05-14
0,Selangor,1269,150881,2021-05-14
1,Sabah,53,59202,2021-05-14
2,Johor,335,49762,2021-05-14
3,Wp Kuala Lumpur,306,49068,2021-05-14
4,Sarawak,533,37654,2021-05-14
7,Kelantan,371,18758,2021-05-14
8,Perak,147,16484,2021-05-14
10,Melaka,107,8452,2021-05-14
11,Pahang,178,6248,2021-05-14
12,Terengganu,165,5407,2021-05-14
13,Wp Labuan,6,2507,2021-05-14
14,Wp Putrajaya,20,1512,2021-05-14
15,Perlis,5,387,2021-05-14
9,Kedah,228,12243,2021-05-14
0,Selangor,1507,152388,2021-05-15
1,Sabah,60,59262,2021-05-15
2,Johor,433,50195,2021-05-15
3,Wp Kuala Lumpur,398,49466,2021-05-15
4,Sarawak,324,37978,2021-05-15
5,Pulau Pinang,338,23591,2021-05-15
6,Negeri Sembilan,190,20562,2021-05-15
7,Kelantan,109,18867,2021-05-15
8,Perak,182,16666,2021-05-15
9,Kedah,239,12482,2021-05-15
10,Melaka,97,8549,2021-05-15
11,Pahang,116,6364,2021-05-15
12,Terengganu,119,5526,2021-05-15
13,Wp Labuan,3,2510,2021-05-15
14,Wp Putrajaya,23,1535,2021-05-15
15,Perlis,2,389,2021-05-15
6,Negeri Sembilan,70,20632,2021-05-16
0,Selangor,1275,153663,2021-05-16
1,Sabah,87,59349,2021-05-16
2,Johor,224,50419,2021-05-16
3,Wp Kuala Lumpur,342,49808,2021-05-16
4,Sarawak,405,38383,2021-05-16
5,Pulau Pinang,187,23778,2021-05-16
15,Perlis,2,391,2021-05-16
8,Perak,115,16781,2021-05-16
10,Melaka,122,8671,2021-05-16
11,Pahang,159,6523,2021-05-16
12,Terengganu,58,5584,2021-05-16
13,Wp Labuan,7,2517,2021-05-16
14,Wp Putrajaya,7,1542,2021-05-16
7,Kelantan,357,19224,2021-05-16
9,Kedah,363,12845,2021-05-16
3,Wp Kuala Lumpur,477,50582,2021-05-18
7,Kelantan,406,19973,2021-05-18
5,Pulau Pinang,220,24157,2021-05-18
0,Selangor,1743,157056,2021-05-18
1,Sabah,95,59504,2021-05-18
2,Johor,407,51217,2021-05-18
4,Sarawak,512,39328,2021-05-18
6,Negeri Sembilan,149,21024,2021-05-18
9,Kedah,244,13325,2021-05-18
11,Pahang,152,6814,2021-05-18
12,Terengganu,156,5941,2021-05-18
13,Wp Labuan,6,2523,2021-05-18
14,Wp Putrajaya,9,1562,2021-05-18
15,Perlis,2,393,2021-05-18
10,Melaka,127,8878,2021-05-18
8,Perak,160,17144,2021-05-18
7,Kelantan,441,20414,2021-05-19
0,Selangor,2251,159307,2021-05-19
2,Johor,699,51916,2021-05-19
3,Wp Kuala Lumpur,660,51242,2021-05-19
4,Sarawak,323,39651,2021-05-19
5,Pulau Pinang,183,24340,2021-05-19
6,Negeri Sembilan,189,21213,2021-05-19
1,Sabah,160,59664,2021-05-19
8,Perak,220,17364,2021-05-19
9,Kedah,445,13770,2021-05-19
10,Melaka,122,9000,2021-05-19
11,Pahang,150,6964,2021-05-19
12,Terengganu,203,6144,2021-05-19
14,Wp Putrajaya,9,1571,2021-05-19
15,Perlis,6,399,2021-05-19
13,Wp Labuan,14,2537,2021-05-19
15,Perlis,8,407,2021-05-20
0,Selangor,2277,161584,2021-05-20
1,Sabah,245,59909,2021-05-20
2,Johor,615,52531,2021-05-20
3,Wp Kuala Lumpur,655,51897,2021-05-20
4,Sarawak,608,40259,2021-05-20
6,Negeri Sembilan,291,21504,2021-05-20
5,Pulau Pinang,362,24702,2021-05-20
10,Melaka,212,9212,2021-05-20
9,Kedah,417,14187,2021-05-20
11,Pahang,157,7121,2021-05-20
12,Terengganu,233,6377,2021-05-20
13,Wp Labuan,17,2554,2021-05-20
14,Wp Putrajaya,35,1606,2021-05-20
7,Kelantan,426,20840,2021-05-20
8,Perak,248,17612,2021-05-20
3,Wp Kuala Lumpur,641,52538,2021-05-21
4,Sarawak,612,40871,2021-05-21
2,Johor,406,52937,2021-05-21
6,Negeri Sembilan,370,21874,2021-05-21
0,Selangor,2163,163747,2021-05-21
5,Pulau Pinang,302,25004,2021-05-21
1,Sabah,144,60053,2021-05-21
7,Kelantan,467,21307,2021-05-21
8,Perak,382,17994,2021-05-21
13,Wp Labuan,84,2638,2021-05-21
15,Perlis,3,410,2021-05-21
14,Wp Putrajaya,20,1626,2021-05-21
9,Kedah,434,14621,2021-05-21
12,Terengganu,139,6516,2021-05-21
10,Melaka,165,9377,2021-05-21
11,Pahang,161,7282,2021-05-21
7,Kelantan,613,21920,2021-05-22
0,Selangor,1647,165394,2021-05-22
1,Sabah,189,60242,2021-05-22
2,Johor,477,53414,2021-05-22
3,Wp Kuala Lumpur,654,53192,2021-05-22
4,Sarawak,749,41620,2021-05-22
5,Pulau Pinang,359,25363,2021-05-22
6,Negeri Sembilan,396,22270,2021-05-22
9,Kedah,301,14922,2021-05-22
10,Melaka,175,9552,2021-05-22
11,Pahang,227,7509,2021-05-22
12,Terengganu,185,6701,2021-05-22
13,Wp Labuan,36,2674,2021-05-22
14,Wp Putrajaya,18,1644,2021-05-22
15,Perlis,18,428,2021-05-22
8,Perak,276,18270,2021-05-22
6,Negeri Sembilan,434,22704,2021-05-23
15,Perlis,8,436,2021-05-23
1,Sabah,136,60378,2021-05-23
2,Johor,549,53963,2021-05-23
3,Wp Kuala Lumpur,447,53639,2021-05-23
4,Sarawak,663,42283,2021-05-23
5,Pulau Pinang,372,25735,2021-05-23
0,Selangor,2235,167629,2021-05-23
9,Kedah,422,15344,2021-05-23
10,Melaka,209,9761,2021-05-23
11,Pahang,263,7772,2021-05-23
12,Terengganu,266,6967,2021-05-23
13,Wp Labuan,37,2711,2021-05-23
14,Wp Putrajaya,30,1674,2021-05-23
7,Kelantan,626,22546,2021-05-23
8,Perak,279,18549,2021-05-23
6,Negeri Sembilan,329,23033,2021-05-24
5,Pulau Pinang,384,26119,2021-05-24
0,Selangor,2049,169678,2021-05-24
1,Sabah,184,60562,2021-05-24
2,Johor,468,54431,2021-05-24
3,Wp Kuala Lumpur,468,54107,2021-05-24
4,Sarawak,530,42813,2021-05-24
7,Kelantan,451,22997,2021-05-24
8,Perak,231,18780,2021-05-24
10,Melaka,329,10090,2021-05-24
11,Pahang,257,8029,2021-05-24
12,Terengganu,263,7230,2021-05-24
13,Wp Labuan,171,2882,2021-05-24
14,Wp Putrajaya,40,1714,2021-05-24
15,Perlis,7,443,2021-05-24
9,Kedah,348,15692,2021-05-24
0,Selangor,2642,172320,2021-05-25
1,Sabah,266,60828,2021-05-25
2,Johor,664,55095,2021-05-25
3,Wp Kuala Lumpur,604,54711,2021-05-25
4,Sarawak,513,43326,2021-05-25
5,Pulau Pinang,380,26499,2021-05-25
6,Negeri Sembilan,410,23443,2021-05-25
7,Kelantan,425,23422,2021-05-25
8,Perak,218,18998,2021-05-25
9,Kedah,336,16028,2021-05-25
10,Melaka,258,10348,2021-05-25
11,Pahang,211,8240,2021-05-25
12,Terengganu,268,7498,2021-05-25
13,Wp Labuan,63,2945,2021-05-25
14,Wp Putrajaya,23,1737,2021-05-25
15,Perlis,8,451,2021-05-25
6,Kelantan,547,23969,2021-05-26
0,Selangor,2455,174775,2021-05-26
1,Sabah,229,61057,2021-05-26
2,Johor,587,55682,2021-05-26
3,Wp Kuala Lumpur,760,55471,2021-05-26
4,Sarawak,640,43966,2021-05-26
5,Pulau Pinang,420,26919,2021-05-26
15,Perlis,8,459,2021-05-26
8,Perak,264,19262,2021-05-26
10,Melaka,230,10578,2021-05-26
11,Pahang,171,8411,2021-05-26
12,Terengganu,177,7675,2021-05-26
13,Wp Labuan,49,2994,2021-05-26
14,Wp Putrajaya,29,1766,2021-05-26
7,Negeri Sembilan,370,23813,2021-05-26
9,Kedah,542,16570,2021-05-26
4,Sarawak,772,44738,2021-05-27
5,Pulau Pinang,365,27284,2021-05-27
0,Selangor,2675,177450,2021-05-27
1,Sabah,217,61274,2021-05-27
2,Johor,549,56231,2021-05-27
3,Wp Kuala Lumpur,561,56032,2021-05-27
6,Kelantan,754,24723,2021-05-27
7,Negeri Sembilan,353,24166,2021-05-27
8,Perak,228,19490,2021-05-27
9,Kedah,441,17011,2021-05-27
11,Pahang,238,8649,2021-05-27
12,Terengganu,282,7957,2021-05-27
13,Wp Labuan,170,3164,2021-05-27
14,Wp Putrajaya,12,1778,2021-05-27
15,Perlis,6,465,2021-05-27
10,Melaka,234,10812,2021-05-27
0,Selangor,2052,179502,2021-05-28
1,Sabah,308,61582,2021-05-28
2,Johor,762,56993,2021-05-28
3,Wp Kuala Lumpur,830,56862,2021-05-28
4,Sarawak,698,45436,2021-05-28
5,Pulau Pinang,421,27705,2021-05-28
6,Kelantan,851,25574,2021-05-28
7,Negeri Sembilan,520,24686,2021-05-28
8,Perak,405,19895,2021-05-28
9,Kedah,544,17555,2021-05-28
10,Melaka,380,11192,2021-05-28
11,Pahang,254,8903,2021-05-28
12,Terengganu,207,8164,2021-05-28
13,Wp Labuan,6,3170,2021-05-28
14,Wp Putrajaya,44,1822,2021-05-28
15,Perlis,8,473,2021-05-28
6,Kelantan,907,26481,2021-05-29
0,Selangor,2836,182338,2021-05-29
1,Sabah,265,61847,2021-05-29
2,Wp Kuala Lumpur,789,57651,2021-05-29
3,Johor,468,57461,2021-05-29
4,Sarawak,726,46162,2021-05-29
5,Pulau Pinang,345,28050,2021-05-29
15,Perlis,19,492,2021-05-29
8,Perak,272,20167,2021-05-29
10,Melaka,340,11532,2021-05-29
11,Pahang,216,9119,2021-05-29
12,Terengganu,189,8353,2021-05-29
13,Wp Labuan,253,3423,2021-05-29
14,Wp Putrajaya,29,1851,2021-05-29
7,Negeri Sembilan,898,25584,2021-05-29
9,Kedah,468,18023,2021-05-29
6,Kelantan,612,27093,2021-05-30
8,Perak,212,20379,2021-05-30
5,Pulau Pinang,248,28298,2021-05-30
0,Selangor,2477,184815,2021-05-30
1,Sabah,190,62037,2021-05-30
2,Wp Kuala Lumpur,616,58267,2021-05-30
3,Johor,433,57894,2021-05-30
7,Negeri Sembilan,468,26052,2021-05-30
11,Pahang,239,9358,2021-05-30
10,Melaka,202,11734,2021-05-30
12,Terengganu,214,8567,2021-05-30
13,Wp Labuan,133,3556,2021-05-30
14,Wp Putrajaya,13,1864,2021-05-30
15,Perlis,7,499,2021-05-30
9,Kedah,422,18445,2021-05-30
4,Sarawak,513,46675,2021-05-30
7,Negeri Sembilan,253,26305,2021-05-31
0,Selangor,2111,186926,2021-05-31
2,Wp Kuala Lumpur,387,58654,2021-05-31
3,Johor,489,58383,2021-05-31
4,Sarawak,654,47329,2021-05-31
5,Pulau Pinang,328,28626,2021-05-31
6,Kelantan,695,27788,2021-05-31
1,Sabah,207,62244,2021-05-31
8,Perak,255,20634,2021-05-31
9,Kedah,464,18909,2021-05-31
10,Melaka,352,12086,2021-05-31
11,Pahang,219,9577,2021-05-31
12,Terengganu,204,8771,2021-05-31
14,Wp Putrajaya,28,1892,2021-05-31
15,Perlis,12,511,2021-05-31
13,Wp Labuan,166,3722,2021-05-31
15,Perlis,0,511,2021-06-01
0,Selangor,2068,188994,2021-06-01
1,Sabah,318,62562,2021-06-01
2,Wp Kuala Lumpur,817,59471,2021-06-01
3,Johor,431,58814,2021-06-01
4,Sarawak,703,48032,2021-06-01
6,Kelantan,531,28319,2021-06-01
5,Pulau Pinang,400,29026,2021-06-01
10,Melaka,249,12335,2021-06-01
9,Kedah,236,19145,2021-06-01
11,Pahang,190,9767,2021-06-01
12,Terengganu,198,8969,2021-06-01
13,Wp Labuan,162,3884,2021-06-01
14,Wp Putrajaya,18,1910,2021-06-01
7,Negeri Sembilan,397,26702,2021-06-01
8,Perak,387,21021,2021-06-01
5,Pulau Pinang,407,29433,2021-06-02
4,Sarawak,588,48620,2021-06-02
11,Pahang,237,10004,2021-06-02
6,Kelantan,541,28860,2021-06-02
1,Sabah,254,62816,2021-06-02
0,Selangor,2728,191722,2021-06-02
2,Wp Kuala Lumpur,701,60172,2021-06-02
3,Johor,554,59368,2021-06-02
9,Kedah,283,19428,2021-06-02
13,Wp Labuan,159,4043,2021-06-02
15,Perlis,7,518,2021-06-02
14,Wp Putrajaya,1,1911,2021-06-02
7,Negeri Sembilan,586,27288,2021-06-02
10,Melaka,209,12544,2021-06-02
12,Terengganu,224,9193,2021-06-02
8,Perak,224,21245,2021-06-02
7,Negeri Sembilan,576,27864,2021-06-03
0,Selangor,3125,194847,2021-06-03
1,Sabah,203,63019,2021-06-03
2,Wp Kuala Lumpur,801,60973,2021-06-03
3,Johor,752,60120,2021-06-03
4,Sarawak,594,49214,2021-06-03
5,Pulau Pinang,303,29736,2021-06-03
6,Kelantan,414,29274,2021-06-03
9,Kedah,373,19801,2021-06-03
10,Melaka,322,12866,2021-06-03
11,Pahang,135,10139,2021-06-03
12,Terengganu,127,9320,2021-06-03
13,Wp Labuan,62,4105,2021-06-03
14,Wp Putrajaya,33,1944,2021-06-03
15,Perlis,5,523,2021-06-03
8,Perak,384,21629,2021-06-03
6,Kelantan,286,29560,2021-06-04
15,Perlis,8,531,2021-06-04
1,Sabah,287,63306,2021-06-04
2,Wp Kuala Lumpur,851,61824,2021-06-04
3,Johor,446,60566,2021-06-04
4,Sarawak,706,49920,2021-06-04
5,Pulau Pinang,376,30112,2021-06-04
0,Selangor,2612,197459,2021-06-04
9,Kedah,263,20064,2021-06-04
10,Melaka,234,13100,2021-06-04
11,Pahang,146,10285,2021-06-04
12,Terengganu,203,9523,2021-06-04
13,Wp Labuan,230,4335,2021-06-04
14,Wp Putrajaya,20,1964,2021-06-04
7,Negeri Sembilan,709,28573,2021-06-04
8,Perak,371,22000,2021-06-04
6,Kelantan,312,29872,2021-06-05
5,Pulau Pinang,370,30482,2021-06-05
0,Selangor,2509,199968,2021-06-05
1,Sabah,259,63565,2021-06-05
2,Wp Kuala Lumpur,678,62502,2021-06-05
3,Johor,412,60978,2021-06-05
4,Sarawak,651,50571,2021-06-05
7,Negeri Sembilan,843,29416,2021-06-05
8,Perak,252,22252,2021-06-05
10,Melaka,206,13306,2021-06-05
11,Pahang,286,10571,2021-06-05
12,Terengganu,190,9713,2021-06-05
13,Wp Labuan,205,4540,2021-06-05
14,Wp Putrajaya,12,1976,2021-06-05
15,Perlis,4,535,2021-06-05
9,Kedah,263,20327,2021-06-05
0,Selangor,2178,202146,2021-06-06
1,Sabah,305,63870,2021-06-06
2,Wp Kuala Lumpur,415,62917,2021-06-06
3,Johor,565,61543,2021-06-06
4,Sarawak,600,51171,2021-06-06
5,Pulau Pinang,271,30753,2021-06-06
6,Kelantan,270,30142,2021-06-06
7,Negeri Sembilan,556,29972,2021-06-06
8,Perak,174,22426,2021-06-06
9,Kedah,125,20452,2021-06-06
10,Melaka,225,13531,2021-06-06
11,Pahang,155,10726,2021-06-06
12,Terengganu,158,9871,2021-06-06
13,Wp Labuan,212,4752,2021-06-06
14,Wp Putrajaya,30,2006,2021-06-06
15,Perlis,2,537,2021-06-06
6,Negeri Sembilan,571,30543,2021-06-07
0,Selangor,1374,203520,2021-06-07
1,Sabah,336,64206,2021-06-07
2,Wp Kuala Lumpur,455,63372,2021-06-07
3,Johor,355,61898,2021-06-07
4,Sarawak,703,51874,2021-06-07
5,Pulau Pinang,153,30906,2021-06-07
15,Perlis,1,538,2021-06-07
8,Perak,177,22603,2021-06-07
10,Melaka,178,13709,2021-06-07
11,Pahang,99,10825,2021-06-07
12,Terengganu,117,9988,2021-06-07
13,Wp Labuan,209,4961,2021-06-07
14,Wp Putrajaya,8,2014,2021-06-07
7,Kelantan,341,30483,2021-06-07
9,Kedah,194,20646,2021-06-07
4,Sarawak,707,52581,2021-06-08
5,Pulau Pinang,185,31091,2021-06-08
0,Selangor,1524,205044,2021-06-08
1,Sabah,350,64556,2021-06-08
2,Wp Kuala Lumpur,466,63838,2021-06-08
3,Johor,456,62354,2021-06-08
6,Negeri Sembilan,505,31048,2021-06-08
7,Kelantan,204,30687,2021-06-08
8,Perak,225,22828,2021-06-08
9,Kedah,148,20794,2021-06-08
11,Pahang,157,10982,2021-06-08
12,Terengganu,106,10094,2021-06-08
13,Wp Labuan,191,5152,2021-06-08
14,Wp Putrajaya,27,2041,2021-06-08
15,Perlis,1,539,2021-06-08
10,Melaka,314,14023,2021-06-08
0,Selangor,2291,207335,2021-06-09
1,Sabah,232,64788,2021-06-09
2,Wp Kuala Lumpur,704,64542,2021-06-09
3,Johor,468,62822,2021-06-09
4,Sarawak,419,53000,2021-06-09
5,Negeri Sembilan,507,31555,2021-06-09
6,Pulau Pinang,194,31285,2021-06-09
7,Kelantan,340,31027,2021-06-09
8,Perak,175,23003,2021-06-09
9,Kedah,135,20929,2021-06-09
10,Melaka,150,14173,2021-06-09
11,Pahang,232,11214,2021-06-09
12,Terengganu,171,10265,2021-06-09
13,Wp Labuan,200,5352,2021-06-09
14,Wp Putrajaya,17,2058,2021-06-09
15,Perlis,4,543,2021-06-09
6,Pulau Pinang,166,31451,2021-06-10
0,Selangor,1510,208845,2021-06-10
1,Wp Kuala Lumpur,769,65311,2021-06-10
2,Sabah,233,65021,2021-06-10
3,Johor,524,63346,2021-06-10
4,Sarawak,631,53631,2021-06-10
5,Negeri Sembilan,593,32148,2021-06-10
15,Perlis,3,546,2021-06-10
8,Perak,143,23146,2021-06-10
10,Melaka,184,14357,2021-06-10
11,Pahang,112,11326,2021-06-10
12,Terengganu,108,10373,2021-06-10
13,Wp Labuan,106,5458,2021-06-10
14,Wp Putrajaya,18,2076,2021-06-10
7,Kelantan,262,31289,2021-06-10
9,Kedah,309,21238,2021-06-10
6,Pulau Pinang,205,31656,2021-06-11
8,Perak,161,23307,2021-06-11
5,Negeri Sembilan,685,32833,2021-06-11
0,Selangor,2558,211403,2021-06-11
1,Wp Kuala Lumpur,884,66195,2021-06-11
2,Sabah,309,65330,2021-06-11
3,Johor,426,63772,2021-06-11
7,Kelantan,248,31537,2021-06-11
11,Pahang,89,11415,2021-06-11
10,Melaka,170,14527,2021-06-11
12,Terengganu,66,10439,2021-06-11
13,Wp Labuan,176,5634,2021-06-11
14,Wp Putrajaya,10,2086,2021-06-11
15,Perlis,2,548,2021-06-11
9,Kedah,161,21399,2021-06-11
4,Sarawak,699,54330,2021-06-11
7,Pulau Pinang,198,31854,2021-06-12
0,Selangor,1582,212985,2021-06-12
2,Sabah,378,65708,2021-06-12
3,Johor,504,64276,2021-06-12
4,Sarawak,569,54899,2021-06-12
5,Negeri Sembilan,618,33451,2021-06-12
6,Kelantan,337,31874,2021-06-12
1,Wp Kuala Lumpur,559,66754,2021-06-12
8,Perak,218,23525,2021-06-12
9,Kedah,171,21570,2021-06-12
10,Melaka,178,14705,2021-06-12
11,Pahang,121,11536,2021-06-12
12,Terengganu,82,10521,2021-06-12
14,Wp Putrajaya,23,2109,2021-06-12
15,Perlis,5,553,2021-06-12
13,Wp Labuan,250,5884,2021-06-12
15,Perlis,5,558,2021-06-13
0,Selangor,1973,214985,2021-06-13
1,Wp Kuala Lumpur,462,67216,2021-06-13
2,Sabah,335,66043,2021-06-13
3,Johor,363,64639,2021-06-13
4,Sarawak,544,55443,2021-06-13
6,Pulau Pinang,256,32110,2021-06-13
5,Negeri Sembilan,331,33782,2021-06-13
10,Melaka,145,14850,2021-06-13
9,Kedah,301,21871,2021-06-13
11,Pahang,78,11614,2021-06-13
12,Terengganu,46,10567,2021-06-13
13,Wp Labuan,158,6042,2021-06-13
14,Wp Putrajaya,7,2116,2021-06-13
7,Kelantan,179,32053,2021-06-13
8,Perak,121,23646,2021-06-13
11,Pahang,61,11675,2021-06-14
4,Sarawak,744,56187,2021-06-14
3,Johor,430,65069,2021-06-14
6,Pulau Pinang,214,32324,2021-06-14
1,Wp Kuala Lumpur,503,67719,2021-06-14
0,Selangor,1523,216481,2021-06-14
2,Sabah,273,66316,2021-06-14
5,Negeri Sembilan,323,34105,2021-06-14
14,Wp Putrajaya,10,2126,2021-06-14
13,Wp Labuan,113,6155,2021-06-14
15,Perlis,1,559,2021-06-14
9,Kedah,199,22070,2021-06-14
12,Terengganu,86,10653,2021-06-14
10,Melaka,119,14969,2021-06-14
7,Kelantan,214,32267,2021-06-14
8,Perak,136,23782,2021-06-14
0,Selangor,1996,218477,2021-06-15
1,Wp Kuala Lumpur,650,68369,2021-06-15
2,Sabah,230,66546,2021-06-15
3,Johor,366,65435,2021-06-15
4,Sarawak,718,56905,2021-06-15
5,Negeri Sembilan,396,34501,2021-06-15
6,Kelantan,245,32512,2021-06-15
7,Pulau Pinang,124,32448,2021-06-15
8,Perak,68,23850,2021-06-15
9,Kedah,252,22322,2021-06-15
10,Melaka,155,15124,2021-06-15
11,Pahang,32,11707,2021-06-15
12,Terengganu,43,10696,2021-06-15
13,Wp Labuan,138,6293,2021-06-15
14,Wp Putrajaya,5,2131,2021-06-15
15,Perlis,1,560,2021-06-15
6,Kelantan,230,32742,2021-06-16
0,Selangor,1914,220391,2021-06-16
1,Wp Kuala Lumpur,480,68849,2021-06-16
2,Sabah,184,66730,2021-06-16
3,Johor,392,65827,2021-06-16
4,Sarawak,570,57475,2021-06-16
5,Negeri Sembilan,607,35108,2021-06-16
15,Perlis,8,568,2021-06-16
8,Perak,66,23916,2021-06-16
10,Melaka,152,15276,2021-06-16
11,Pahang,57,11764,2021-06-16
12,Terengganu,56,10752,2021-06-16
13,Wp Labuan,101,6394,2021-06-16
14,Wp Putrajaya,6,2137,2021-06-16
7,Pulau Pinang,99,32547,2021-06-16
9,Kedah,228,22550,2021-06-16
3,Johor,449,66276,2021-06-17
7,Pulau Pinang,97,32644,2021-06-17
5,Negeri Sembilan,1086,36194,2021-06-17
0,Selangor,1858,222249,2021-06-17
1,Wp Kuala Lumpur,641,69490,2021-06-17
2,Sabah,248,66978,2021-06-17
4,Sarawak,559,58034,2021-06-17
6,Kelantan,154,32896,2021-06-17
9,Kedah,197,22747,2021-06-17
11,Pahang,54,11818,2021-06-17
12,Terengganu,77,10829,2021-06-17
13,Wp Labuan,97,6491,2021-06-17
14,Wp Putrajaya,7,2144,2021-06-17
15,Perlis,0,568,2021-06-17
10,Melaka,184,15460,2021-06-17
8,Perak,30,23946,2021-06-17
7,Pulau Pinang,122,32766,2021-06-18
0,Selangor,2095,224344,2021-06-18
2,Sabah,199,67177,2021-06-18
3,Johor,592,66868,2021-06-18
4,Sarawak,536,58570,2021-06-18
5,Negeri Sembilan,870,37064,2021-06-18
6,Kelantan,200,33096,2021-06-18
1,Wp Kuala Lumpur,816,70306,2021-06-18
8,Perak,357,24303,2021-06-18
9,Kedah,159,22906,2021-06-18
10,Melaka,223,15683,2021-06-18
11,Pahang,79,11897,2021-06-18
12,Terengganu,32,10861,2021-06-18
14,Wp Putrajaya,6,2150,2021-06-18
15,Perlis,2,570,2021-06-18
13,Wp Labuan,152,6643,2021-06-18
15,Perlis,0,570,2021-06-19
0,Selangor,2111,226455,2021-06-19
1,Wp Kuala Lumpur,483,70789,2021-06-19
2,Sabah,201,67378,2021-06-19
3,Johor,498,67366,2021-06-19
4,Sarawak,569,59139,2021-06-19
6,Kelantan,223,33319,2021-06-19
5,Negeri Sembilan,770,37834,2021-06-19
10,Melaka,134,15817,2021-06-19
9,Kedah,204,23110,2021-06-19
11,Pahang,56,11953,2021-06-19
12,Terengganu,62,10923,2021-06-19
13,Wp Labuan,185,6828,2021-06-19
14,Wp Putrajaya,3,2153,2021-06-19
7,Pulau Pinang,167,32933,2021-06-19
8,Perak,245,24548,2021-06-19
11,Pahang,77,12030,2021-06-20
4,Sarawak,661,59800,2021-06-20
3,Sabah,163,67541,2021-06-20
6,Kelantan,167,33486,2021-06-20
1,Wp Kuala Lumpur,379,71168,2021-06-20
0,Selangor,1680,228135,2021-06-20
2,Johor,627,67993,2021-06-20
5,Negeri Sembilan,693,38527,2021-06-20
14,Wp Putrajaya,4,2157,2021-06-20
13,Wp Labuan,156,6984,2021-06-20
15,Perlis,2,572,2021-06-20
9,Kedah,170,23280,2021-06-20
12,Terengganu,12,10935,2021-06-20
10,Melaka,183,16000,2021-06-20
7,Pulau Pinang,114,33047,2021-06-20
8,Perak,205,24753,2021-06-20
7,Pulau Pinang,84,33131,2021-06-21
0,Selangor,1346,229481,2021-06-21
1,Wp Kuala Lumpur,310,71478,2021-06-21
2,Johor,314,68307,2021-06-21
3,Sabah,166,67707,2021-06-21
4,Sarawak,682,60482,2021-06-21
5,Negeri Sembilan,437,38964,2021-06-21
6,Kelantan,219,33705,2021-06-21
9,Kedah,182,23462,2021-06-21
10,Melaka,205,16205,2021-06-21
11,Pahang,50,12080,2021-06-21
12,Terengganu,18,10953,2021-06-21
13,Wp Labuan,130,7114,2021-06-21
14,Wp Putrajaya,15,2172,2021-06-21
15,Perlis,0,572,2021-06-21
8,Perak,453,25206,2021-06-21
6,Kelantan,165,33870,2021-06-22
15,Perlis,2,574,2021-06-22
1,Wp Kuala Lumpur,635,72113,2021-06-22
2,Johor,239,68546,2021-06-22
3,Sabah,193,67900,2021-06-22
4,Sarawak,507,60989,2021-06-22
5,Negeri Sembilan,585,39549,2021-06-22
0,Selangor,1566,231047,2021-06-22
9,Kedah,142,23604,2021-06-22
10,Melaka,167,16372,2021-06-22
11,Pahang,131,12211,2021-06-22
12,Terengganu,37,10990,2021-06-22
13,Wp Labuan,104,7218,2021-06-22
14,Wp Putrajaya,7,2179,2021-06-22
7,Pulau Pinang,195,33326,2021-06-22
8,Perak,68,25274,2021-06-22
6,Kelantan,81,33951,2021-06-23
0,Selangor,2001,233048,2021-06-23
1,Wp Kuala Lumpur,531,72644,2021-06-23
2,Johor,282,68828,2021-06-23
3,Sabah,129,68029,2021-06-23
11,Pahang,245,12456,2021-06-23
4,Sarawak,577,61566,2021-06-23
5,Negeri Sembilan,677,40226,2021-06-23
12,Terengganu,27,11017,2021-06-23
10,Melaka,180,16552,2021-06-23
7,Pulau Pinang,159,33485,2021-06-23
13,Wp Labuan,77,7295,2021-06-23
14,Wp Putrajaya,13,2192,2021-06-23
15,Perlis,1,575,2021-06-23
9,Kedah,189,23793,2021-06-23
8,Perak,75,25349,2021-06-23
3,Sabah,203,68232,2021-06-24
0,Selangor,2072,235120,2021-06-24
1,Wp Kuala Lumpur,552,73196,2021-06-24
4,Sarawak,581,62147,2021-06-24
5,Negeri Sembilan,781,41007,2021-06-24
6,Kelantan,135,34086,2021-06-24
7,Pulau Pinang,108,33593,2021-06-24
2,Johor,346,69174,2021-06-24
9,Kedah,271,24064,2021-06-24
10,Melaka,247,16799,2021-06-24
11,Pahang,162,12618,2021-06-24
12,Terengganu,29,11046,2021-06-24
14,Wp Putrajaya,17,2209,2021-06-24
15,Perlis,5,580,2021-06-24
8,Perak,120,25469,2021-06-24
13,Wp Labuan,212,7507,2021-06-24
8,Perak,72,25541,2021-06-25
1,Wp Kuala Lumpur,771,73967,2021-06-25
2,Johor,196,69370,2021-06-25
3,Sabah,156,68388,2021-06-25
5,Negeri Sembilan,658,41665,2021-06-25
6,Kelantan,98,34184,2021-06-25
4,Sarawak,673,62820,2021-06-25
12,Terengganu,46,11092,2021-06-25
9,Kedah,186,24250,2021-06-25
10,Melaka,223,17022,2021-06-25
13,Wp Labuan,123,7630,2021-06-25
14,Wp Putrajaya,14,2223,2021-06-25
15,Perlis,0,580,2021-06-25
7,Pulau Pinang,270,33863,2021-06-25
11,Pahang,139,12757,2021-06-25
0,Selangor,2187,237307,2021-06-25
